ISO-10303-21;
HEADER;
FILE_DESCRIPTION(('Open CASCADE Model'),'2;1');
FILE_NAME('Open CASCADE Shape Model','2026-09-28T23:32:37',('Author'),(
    'Open CASCADE'),'Open CASCADE STEP processor 7.9','Open CASCADE 7.9'
  ,'Unknown');
FILE_SCHEMA(('AUTOMOTIVE_DESIGN { 1 0 10303 214 1 1 1 1 }'));
ENDSEC;
DATA;
#1 = APPLICATION_PROTOCOL_DEFINITION('international standard',
  'automotive_design',2000,#2);
#2 = APPLICATION_CONTEXT(
  'core data for automotive mechanical design processes');
#3 = SHAPE_DEFINITION_REPRESENTATION(#4,#10);
#4 = PRODUCT_DEFINITION_SHAPE('','',#5);
#5 = PRODUCT_DEFINITION('design','',#6,#9);
#6 = PRODUCT_DEFINITION_FORMATION('','',#7);
#7 = PRODUCT('Open CASCADE STEP translator 7.9 1',
  'Open CASCADE STEP translator 7.9 1','',(#8));
#8 = PRODUCT_CONTEXT('',#2,'mechanical');
#9 = PRODUCT_DEFINITION_CONTEXT('part definition',#2,'design');
#10 = ADVANCED_BREP_SHAPE_REPRESENTATION('',(#11,#15),#4455);
#11 = AXIS2_PLACEMENT_3D('',#12,#13,#14);
#12 = CARTESIAN_POINT('',(0.,0.,0.));
#13 = DIRECTION('',(0.,0.,1.));
#14 = DIRECTION('',(1.,0.,-0.));
#15 = MANIFOLD_SOLID_BREP('',#16);
#16 = CLOSED_SHELL('',(#17,#330,#698,#747,#796,#845,#1006,#1061,#1138,
    #1222,#1490,#1642,#1667,#1858,#1887,#1936,#1963,#2058,#2187,#2219,
    #2246,#2273,#2328,#2383,#2624,#2651,#2699,#2752,#2938,#2984,#3080,
    #3132,#3262,#3311,#3344,#3371,#3398,#3456,#3489,#3556,#3583,#3590,
    #3594,#3598,#3724,#3791,#3838,#3942,#3949,#3956,#3983,#4038,#4093,
    #4120,#4167,#4308,#4315,#4322,#4329,#4333,#4337,#4392,#4447,#4451));
#17 = ADVANCED_FACE('',(#18),#32,.F.);
#18 = FACE_BOUND('',#19,.F.);
#19 = EDGE_LOOP('',(#20,#55,#81,#108,#136,#164,#192,#220,#248,#276,#304)
  );
#20 = ORIENTED_EDGE('',*,*,#21,.F.);
#21 = EDGE_CURVE('',#22,#24,#26,.T.);
#22 = VERTEX_POINT('',#23);
#23 = CARTESIAN_POINT('',(-46.4,-32.17087747714,65.748274138426));
#24 = VERTEX_POINT('',#25);
#25 = CARTESIAN_POINT('',(-46.4,-13.55807136775,52.715446993392));
#26 = SURFACE_CURVE('',#27,(#31,#43),.PCURVE_S1.);
#27 = LINE('',#28,#29);
#28 = CARTESIAN_POINT('',(-46.4,-167.558655694,160.54781702738));
#29 = VECTOR('',#30,1.);
#30 = DIRECTION('',(0.,0.819152044289,-0.573576436351));
#31 = PCURVE('',#32,#37);
#32 = PLANE('',#33);
#33 = AXIS2_PLACEMENT_3D('',#34,#35,#36);
#34 = CARTESIAN_POINT('',(-46.4,-396.9892302344,-167.1130006882));
#35 = DIRECTION('',(1.,0.,0.));
#36 = DIRECTION('',(0.,0.573576436351,0.819152044289));
#37 = DEFINITIONAL_REPRESENTATION('',(#38),#42);
#38 = LINE('',#39,#40);
#39 = CARTESIAN_POINT('',(400.,0.));
#40 = VECTOR('',#41,1.);
#41 = DIRECTION('',(0.,-1.));
#42 = ( GEOMETRIC_REPRESENTATION_CONTEXT(2) 
PARAMETRIC_REPRESENTATION_CONTEXT() REPRESENTATION_CONTEXT('2D SPACE',''
  ) );
#43 = PCURVE('',#44,#49);
#44 = PLANE('',#45);
#45 = AXIS2_PLACEMENT_3D('',#46,#47,#48);
#46 = CARTESIAN_POINT('',(-46.4,-167.558655694,160.54781702738));
#47 = DIRECTION('',(0.,0.573576436351,0.819152044289));
#48 = DIRECTION('',(1.,0.,0.));
#49 = DEFINITIONAL_REPRESENTATION('',(#50),#54);
#50 = LINE('',#51,#52);
#51 = CARTESIAN_POINT('',(0.,0.));
#52 = VECTOR('',#53,1.);
#53 = DIRECTION('',(0.,1.));
#54 = ( GEOMETRIC_REPRESENTATION_CONTEXT(2) 
PARAMETRIC_REPRESENTATION_CONTEXT() REPRESENTATION_CONTEXT('2D SPACE',''
  ) );
#55 = ORIENTED_EDGE('',*,*,#56,.F.);
#56 = EDGE_CURVE('',#57,#22,#59,.T.);
#57 = VERTEX_POINT('',#58);
#58 = CARTESIAN_POINT('',(-46.4,-33.29963563511,64.04638907013));
#59 = SURFACE_CURVE('',#60,(#64,#70),.PCURVE_S1.);
#60 = LINE('',#61,#62);
#61 = CARTESIAN_POINT('',(-46.4,-140.3629510383,-97.37832051906));
#62 = VECTOR('',#63,1.);
#63 = DIRECTION('',(-0.,0.552721597742,0.833365967261));
#64 = PCURVE('',#32,#65);
#65 = DEFINITIONAL_REPRESENTATION('',(#66),#69);
#66 = B_SPLINE_CURVE_WITH_KNOTS('',1,(#67,#68),.UNSPECIFIED.,.F.,.F.,(2,
    2),(191.89283689378,199.95739625074),.PIECEWISE_BEZIER_KNOTS.);
#67 = CARTESIAN_POINT('',(396.14981538649,-165.3751537011));
#68 = CARTESIAN_POINT('',(404.21180634299,-165.1716360379));
#69 = ( GEOMETRIC_REPRESENTATION_CONTEXT(2) 
PARAMETRIC_REPRESENTATION_CONTEXT() REPRESENTATION_CONTEXT('2D SPACE',''
  ) );
#70 = PCURVE('',#71,#76);
#71 = PLANE('',#72);
#72 = AXIS2_PLACEMENT_3D('',#73,#74,#75);
#73 = CARTESIAN_POINT('',(0.,-29.84217950224,69.259368418506));
#74 = DIRECTION('',(0.,0.833365967261,-0.552721597742));
#75 = DIRECTION('',(0.,-0.552721597742,-0.833365967261));
#76 = DEFINITIONAL_REPRESENTATION('',(#77),#80);
#77 = B_SPLINE_CURVE_WITH_KNOTS('',1,(#78,#79),.UNSPECIFIED.,.F.,.F.,(2,
    2),(191.89283689378,199.95739625074),.PIECEWISE_BEZIER_KNOTS.);
#78 = CARTESIAN_POINT('',(8.064559356964,46.4));
#79 = CARTESIAN_POINT('',(0.,46.4));
#80 = ( GEOMETRIC_REPRESENTATION_CONTEXT(2) 
PARAMETRIC_REPRESENTATION_CONTEXT() REPRESENTATION_CONTEXT('2D SPACE',''
  ) );
#81 = ORIENTED_EDGE('',*,*,#82,.F.);
#82 = EDGE_CURVE('',#83,#57,#85,.T.);
#83 = VERTEX_POINT('',#84);
#84 = CARTESIAN_POINT('',(-46.4,-33.29963563511,13.529411764706));
#85 = SURFACE_CURVE('',#86,(#90,#97),.PCURVE_S1.);
#86 = LINE('',#87,#88);
#87 = CARTESIAN_POINT('',(-46.4,-33.29963563511,-84.0565003441));
#88 = VECTOR('',#89,1.);
#89 = DIRECTION('',(0.,0.,1.));
#90 = PCURVE('',#32,#91);
#91 = DEFINITIONAL_REPRESENTATION('',(#92),#96);
#92 = LINE('',#93,#94);
#93 = CARTESIAN_POINT('',(276.63968365663,-250.2778234195));
#94 = VECTOR('',#95,1.);
#95 = DIRECTION('',(0.819152044289,0.573576436351));
#96 = ( GEOMETRIC_REPRESENTATION_CONTEXT(2) 
PARAMETRIC_REPRESENTATION_CONTEXT() REPRESENTATION_CONTEXT('2D SPACE',''
  ) );
#97 = PCURVE('',#98,#103);
#98 = PLANE('',#99);
#99 = AXIS2_PLACEMENT_3D('',#100,#101,#102);
#100 = CARTESIAN_POINT('',(-47.4,-33.29963563511,-1.));
#101 = DIRECTION('',(0.,1.,0.));
#102 = DIRECTION('',(0.,0.,1.));
#103 = DEFINITIONAL_REPRESENTATION('',(#104),#107);
#104 = B_SPLINE_CURVE_WITH_KNOTS('',1,(#105,#106),.UNSPECIFIED.,.F.,.F.,
  (2,2),(83.056500344104,150.59513945355),.PIECEWISE_BEZIER_KNOTS.);
#105 = CARTESIAN_POINT('',(0.,1.));
#106 = CARTESIAN_POINT('',(67.538639109452,1.));
#107 = ( GEOMETRIC_REPRESENTATION_CONTEXT(2) 
PARAMETRIC_REPRESENTATION_CONTEXT() REPRESENTATION_CONTEXT('2D SPACE',''
  ) );
#108 = ORIENTED_EDGE('',*,*,#109,.T.);
#109 = EDGE_CURVE('',#83,#110,#112,.T.);
#110 = VERTEX_POINT('',#111);
#111 = CARTESIAN_POINT('',(-46.4,-43.29963563511,8.823529411765));
#112 = SURFACE_CURVE('',#113,(#117,#124),.PCURVE_S1.);
#113 = LINE('',#114,#115);
#114 = CARTESIAN_POINT('',(-46.4,-32.29963563511,14.));
#115 = VECTOR('',#116,1.);
#116 = DIRECTION('',(0.,-0.904818702201,-0.42579703633));
#117 = PCURVE('',#32,#118);
#118 = DEFINITIONAL_REPRESENTATION('',(#119),#123);
#119 = LINE('',#120,#121);
#120 = CARTESIAN_POINT('',(357.53644280568,-194.8540774354));
#121 = VECTOR('',#122,1.);
#122 = DIRECTION('',(-0.867775199514,0.496956942912));
#123 = ( GEOMETRIC_REPRESENTATION_CONTEXT(2) 
PARAMETRIC_REPRESENTATION_CONTEXT() REPRESENTATION_CONTEXT('2D SPACE',''
  ) );
#124 = PCURVE('',#125,#130);
#125 = PLANE('',#126);
#126 = AXIS2_PLACEMENT_3D('',#127,#128,#129);
#127 = CARTESIAN_POINT('',(0.,-32.29963563511,14.));
#128 = DIRECTION('',(0.,0.42579703633,-0.904818702201));
#129 = DIRECTION('',(0.,-0.904818702201,-0.42579703633));
#130 = DEFINITIONAL_REPRESENTATION('',(#131),#135);
#131 = LINE('',#132,#133);
#132 = CARTESIAN_POINT('',(-0.,46.4));
#133 = VECTOR('',#134,1.);
#134 = DIRECTION('',(1.,0.));
#135 = ( GEOMETRIC_REPRESENTATION_CONTEXT(2) 
PARAMETRIC_REPRESENTATION_CONTEXT() REPRESENTATION_CONTEXT('2D SPACE',''
  ) );
#136 = ORIENTED_EDGE('',*,*,#137,.F.);
#137 = EDGE_CURVE('',#138,#110,#140,.T.);
#138 = VERTEX_POINT('',#139);
#139 = CARTESIAN_POINT('',(-46.4,-43.29963563511,0.6));
#140 = SURFACE_CURVE('',#141,(#145,#152),.PCURVE_S1.);
#141 = LINE('',#142,#143);
#142 = CARTESIAN_POINT('',(-46.4,-43.29963563511,0.));
#143 = VECTOR('',#144,1.);
#144 = DIRECTION('',(0.,0.,1.));
#145 = PCURVE('',#32,#146);
#146 = DEFINITIONAL_REPRESENTATION('',(#147),#151);
#147 = LINE('',#148,#149);
#148 = CARTESIAN_POINT('',(339.75897338577,-193.8734750571));
#149 = VECTOR('',#150,1.);
#150 = DIRECTION('',(0.819152044289,0.573576436351));
#151 = ( GEOMETRIC_REPRESENTATION_CONTEXT(2) 
PARAMETRIC_REPRESENTATION_CONTEXT() REPRESENTATION_CONTEXT('2D SPACE',''
  ) );
#152 = PCURVE('',#153,#158);
#153 = CYLINDRICAL_SURFACE('',#154,6.);
#154 = AXIS2_PLACEMENT_3D('',#155,#156,#157);
#155 = CARTESIAN_POINT('',(-40.4,-43.29963563511,0.));
#156 = DIRECTION('',(0.,0.,1.));
#157 = DIRECTION('',(0.,-1.,0.));
#158 = DEFINITIONAL_REPRESENTATION('',(#159),#163);
#159 = LINE('',#160,#161);
#160 = CARTESIAN_POINT('',(-1.570796326795,0.));
#161 = VECTOR('',#162,1.);
#162 = DIRECTION('',(-0.,1.));
#163 = ( GEOMETRIC_REPRESENTATION_CONTEXT(2) 
PARAMETRIC_REPRESENTATION_CONTEXT() REPRESENTATION_CONTEXT('2D SPACE',''
  ) );
#164 = ORIENTED_EDGE('',*,*,#165,.F.);
#165 = EDGE_CURVE('',#166,#138,#168,.T.);
#166 = VERTEX_POINT('',#167);
#167 = CARTESIAN_POINT('',(-46.4,38.808296844003,0.6));
#168 = SURFACE_CURVE('',#169,(#173,#180),.PCURVE_S1.);
#169 = LINE('',#170,#171);
#170 = CARTESIAN_POINT('',(-46.4,38.808296844003,0.6));
#171 = VECTOR('',#172,1.);
#172 = DIRECTION('',(0.,-1.,0.));
#173 = PCURVE('',#32,#174);
#174 = DEFINITIONAL_REPRESENTATION('',(#175),#179);
#175 = LINE('',#176,#177);
#176 = CARTESIAN_POINT('',(387.34563991987,-260.7882099379));
#177 = VECTOR('',#178,1.);
#178 = DIRECTION('',(-0.573576436351,0.819152044289));
#179 = ( GEOMETRIC_REPRESENTATION_CONTEXT(2) 
PARAMETRIC_REPRESENTATION_CONTEXT() REPRESENTATION_CONTEXT('2D SPACE',''
  ) );
#180 = PCURVE('',#181,#186);
#181 = PLANE('',#182);
#182 = AXIS2_PLACEMENT_3D('',#183,#184,#185);
#183 = CARTESIAN_POINT('',(-46.1,38.808296844003,0.3));
#184 = DIRECTION('',(-0.707106781187,0.,-0.707106781187));
#185 = DIRECTION('',(-0.,1.,0.));
#186 = DEFINITIONAL_REPRESENTATION('',(#187),#191);
#187 = LINE('',#188,#189);
#188 = CARTESIAN_POINT('',(-0.,-0.424264068712));
#189 = VECTOR('',#190,1.);
#190 = DIRECTION('',(-1.,0.));
#191 = ( GEOMETRIC_REPRESENTATION_CONTEXT(2) 
PARAMETRIC_REPRESENTATION_CONTEXT() REPRESENTATION_CONTEXT('2D SPACE',''
  ) );
#192 = ORIENTED_EDGE('',*,*,#193,.T.);
#193 = EDGE_CURVE('',#166,#194,#196,.T.);
#194 = VERTEX_POINT('',#195);
#195 = CARTESIAN_POINT('',(-46.4,38.808296844003,28.866254404853));
#196 = SURFACE_CURVE('',#197,(#201,#208),.PCURVE_S1.);
#197 = LINE('',#198,#199);
#198 = CARTESIAN_POINT('',(-46.4,38.808296844003,0.));
#199 = VECTOR('',#200,1.);
#200 = DIRECTION('',(0.,0.,1.));
#201 = PCURVE('',#32,#202);
#202 = DEFINITIONAL_REPRESENTATION('',(#203),#207);
#203 = LINE('',#204,#205);
#204 = CARTESIAN_POINT('',(386.85414869329,-261.1323557997));
#205 = VECTOR('',#206,1.);
#206 = DIRECTION('',(0.819152044289,0.573576436351));
#207 = ( GEOMETRIC_REPRESENTATION_CONTEXT(2) 
PARAMETRIC_REPRESENTATION_CONTEXT() REPRESENTATION_CONTEXT('2D SPACE',''
  ) );
#208 = PCURVE('',#209,#214);
#209 = CYLINDRICAL_SURFACE('',#210,6.);
#210 = AXIS2_PLACEMENT_3D('',#211,#212,#213);
#211 = CARTESIAN_POINT('',(-40.4,38.808296844003,0.));
#212 = DIRECTION('',(0.,0.,1.));
#213 = DIRECTION('',(-0.,1.,0.));
#214 = DEFINITIONAL_REPRESENTATION('',(#215),#219);
#215 = LINE('',#216,#217);
#216 = CARTESIAN_POINT('',(1.570796326795,0.));
#217 = VECTOR('',#218,1.);
#218 = DIRECTION('',(0.,1.));
#219 = ( GEOMETRIC_REPRESENTATION_CONTEXT(2) 
PARAMETRIC_REPRESENTATION_CONTEXT() REPRESENTATION_CONTEXT('2D SPACE',''
  ) );
#220 = ORIENTED_EDGE('',*,*,#221,.F.);
#221 = EDGE_CURVE('',#222,#194,#224,.T.);
#222 = VERTEX_POINT('',#223);
#223 = CARTESIAN_POINT('',(-46.4,32.521016179668,33.26865572086));
#224 = SURFACE_CURVE('',#225,(#229,#236),.PCURVE_S1.);
#225 = LINE('',#226,#227);
#226 = CARTESIAN_POINT('',(-46.4,32.521016179668,33.26865572086));
#227 = VECTOR('',#228,1.);
#228 = DIRECTION('',(0.,0.819152044289,-0.573576436351));
#229 = PCURVE('',#32,#230);
#230 = DEFINITIONAL_REPRESENTATION('',(#231),#235);
#231 = LINE('',#232,#233);
#232 = CARTESIAN_POINT('',(410.5,-236.9));
#233 = VECTOR('',#234,1.);
#234 = DIRECTION('',(0.,-1.));
#235 = ( GEOMETRIC_REPRESENTATION_CONTEXT(2) 
PARAMETRIC_REPRESENTATION_CONTEXT() REPRESENTATION_CONTEXT('2D SPACE',''
  ) );
#236 = PCURVE('',#237,#242);
#237 = PLANE('',#238);
#238 = AXIS2_PLACEMENT_3D('',#239,#240,#241);
#239 = CARTESIAN_POINT('',(0.,32.521016179668,33.26865572086));
#240 = DIRECTION('',(0.,0.573576436351,0.819152044289));
#241 = DIRECTION('',(0.,0.819152044289,-0.573576436351));
#242 = DEFINITIONAL_REPRESENTATION('',(#243),#247);
#243 = LINE('',#244,#245);
#244 = CARTESIAN_POINT('',(0.,46.4));
#245 = VECTOR('',#246,1.);
#246 = DIRECTION('',(1.,0.));
#247 = ( GEOMETRIC_REPRESENTATION_CONTEXT(2) 
PARAMETRIC_REPRESENTATION_CONTEXT() REPRESENTATION_CONTEXT('2D SPACE',''
  ) );
#248 = ORIENTED_EDGE('',*,*,#249,.F.);
#249 = EDGE_CURVE('',#250,#222,#252,.T.);
#250 = VERTEX_POINT('',#251);
#251 = CARTESIAN_POINT('',(-46.4,22.608766427725,36.546963951504));
#252 = SURFACE_CURVE('',#253,(#257,#264),.PCURVE_S1.);
#253 = LINE('',#254,#255);
#254 = CARTESIAN_POINT('',(-46.4,22.608766427725,36.546963951504));
#255 = VECTOR('',#256,1.);
#256 = DIRECTION('',(0.,0.949421335809,-0.314004979437));
#257 = PCURVE('',#32,#258);
#258 = DEFINITIONAL_REPRESENTATION('',(#259),#263);
#259 = LINE('',#260,#261);
#260 = CARTESIAN_POINT('',(407.5,-226.9));
#261 = VECTOR('',#262,1.);
#262 = DIRECTION('',(0.287347885566,-0.957826285221));
#263 = ( GEOMETRIC_REPRESENTATION_CONTEXT(2) 
PARAMETRIC_REPRESENTATION_CONTEXT() REPRESENTATION_CONTEXT('2D SPACE',''
  ) );
#264 = PCURVE('',#265,#270);
#265 = PLANE('',#266);
#266 = AXIS2_PLACEMENT_3D('',#267,#268,#269);
#267 = CARTESIAN_POINT('',(0.,22.608766427725,36.546963951504));
#268 = DIRECTION('',(0.,0.314004979437,0.949421335809));
#269 = DIRECTION('',(0.,0.949421335809,-0.314004979437));
#270 = DEFINITIONAL_REPRESENTATION('',(#271),#275);
#271 = LINE('',#272,#273);
#272 = CARTESIAN_POINT('',(0.,46.4));
#273 = VECTOR('',#274,1.);
#274 = DIRECTION('',(1.,0.));
#275 = ( GEOMETRIC_REPRESENTATION_CONTEXT(2) 
PARAMETRIC_REPRESENTATION_CONTEXT() REPRESENTATION_CONTEXT('2D SPACE',''
  ) );
#276 = ORIENTED_EDGE('',*,*,#277,.F.);
#277 = EDGE_CURVE('',#278,#250,#280,.T.);
#278 = VERTEX_POINT('',#279);
#279 = CARTESIAN_POINT('',(-46.4,-9.256248095117,58.85908732556));
#280 = SURFACE_CURVE('',#281,(#285,#292),.PCURVE_S1.);
#281 = LINE('',#282,#283);
#282 = CARTESIAN_POINT('',(-46.4,-9.256248095117,58.85908732556));
#283 = VECTOR('',#284,1.);
#284 = DIRECTION('',(0.,0.819152044289,-0.573576436351));
#285 = PCURVE('',#32,#286);
#286 = DEFINITIONAL_REPRESENTATION('',(#287),#291);
#287 = LINE('',#288,#289);
#288 = CARTESIAN_POINT('',(407.5,-188.));
#289 = VECTOR('',#290,1.);
#290 = DIRECTION('',(0.,-1.));
#291 = ( GEOMETRIC_REPRESENTATION_CONTEXT(2) 
PARAMETRIC_REPRESENTATION_CONTEXT() REPRESENTATION_CONTEXT('2D SPACE',''
  ) );
#292 = PCURVE('',#293,#298);
#293 = PLANE('',#294);
#294 = AXIS2_PLACEMENT_3D('',#295,#296,#297);
#295 = CARTESIAN_POINT('',(0.,-9.256248095117,58.85908732556));
#296 = DIRECTION('',(0.,0.573576436351,0.819152044289));
#297 = DIRECTION('',(0.,0.819152044289,-0.573576436351));
#298 = DEFINITIONAL_REPRESENTATION('',(#299),#303);
#299 = LINE('',#300,#301);
#300 = CARTESIAN_POINT('',(0.,46.4));
#301 = VECTOR('',#302,1.);
#302 = DIRECTION('',(1.,0.));
#303 = ( GEOMETRIC_REPRESENTATION_CONTEXT(2) 
PARAMETRIC_REPRESENTATION_CONTEXT() REPRESENTATION_CONTEXT('2D SPACE',''
  ) );
#304 = ORIENTED_EDGE('',*,*,#305,.F.);
#305 = EDGE_CURVE('',#24,#278,#306,.T.);
#306 = SURFACE_CURVE('',#307,(#311,#318),.PCURVE_S1.);
#307 = LINE('',#308,#309);
#308 = CARTESIAN_POINT('',(-46.4,-13.55807136775,52.715446993392));
#309 = VECTOR('',#310,1.);
#310 = DIRECTION('',(0.,0.573576436351,0.819152044289));
#311 = PCURVE('',#32,#312);
#312 = DEFINITIONAL_REPRESENTATION('',(#313),#317);
#313 = LINE('',#314,#315);
#314 = CARTESIAN_POINT('',(400.,-188.));
#315 = VECTOR('',#316,1.);
#316 = DIRECTION('',(1.,0.));
#317 = ( GEOMETRIC_REPRESENTATION_CONTEXT(2) 
PARAMETRIC_REPRESENTATION_CONTEXT() REPRESENTATION_CONTEXT('2D SPACE',''
  ) );
#318 = PCURVE('',#319,#324);
#319 = PLANE('',#320);
#320 = AXIS2_PLACEMENT_3D('',#321,#322,#323);
#321 = CARTESIAN_POINT('',(0.,-13.55807136775,52.715446993392));
#322 = DIRECTION('',(0.,-0.819152044289,0.573576436351));
#323 = DIRECTION('',(0.,0.573576436351,0.819152044289));
#324 = DEFINITIONAL_REPRESENTATION('',(#325),#329);
#325 = LINE('',#326,#327);
#326 = CARTESIAN_POINT('',(0.,46.4));
#327 = VECTOR('',#328,1.);
#328 = DIRECTION('',(1.,0.));
#329 = ( GEOMETRIC_REPRESENTATION_CONTEXT(2) 
PARAMETRIC_REPRESENTATION_CONTEXT() REPRESENTATION_CONTEXT('2D SPACE',''
  ) );
#330 = ADVANCED_FACE('',(#331,#574,#605,#636,#667),#44,.T.);
#331 = FACE_BOUND('',#332,.T.);
#332 = EDGE_LOOP('',(#333,#334,#355,#383,#411,#439,#468,#496,#525,#553)
  );
#333 = ORIENTED_EDGE('',*,*,#21,.F.);
#334 = ORIENTED_EDGE('',*,*,#335,.F.);
#335 = EDGE_CURVE('',#336,#22,#338,.T.);
#336 = VERTEX_POINT('',#337);
#337 = CARTESIAN_POINT('',(46.4,-32.17087747714,65.748274138426));
#338 = SURFACE_CURVE('',#339,(#343,#349),.PCURVE_S1.);
#339 = LINE('',#340,#341);
#340 = CARTESIAN_POINT('',(-23.2,-32.17087747714,65.748274138426));
#341 = VECTOR('',#342,1.);
#342 = DIRECTION('',(-1.,0.,0.));
#343 = PCURVE('',#44,#344);
#344 = DEFINITIONAL_REPRESENTATION('',(#345),#348);
#345 = B_SPLINE_CURVE_WITH_KNOTS('',1,(#346,#347),.UNSPECIFIED.,.F.,.F.,
  (2,2),(-69.6,23.2),.PIECEWISE_BEZIER_KNOTS.);
#346 = CARTESIAN_POINT('',(92.8,165.2779592761));
#347 = CARTESIAN_POINT('',(0.,165.2779592761));
#348 = ( GEOMETRIC_REPRESENTATION_CONTEXT(2) 
PARAMETRIC_REPRESENTATION_CONTEXT() REPRESENTATION_CONTEXT('2D SPACE',''
  ) );
#349 = PCURVE('',#71,#350);
#350 = DEFINITIONAL_REPRESENTATION('',(#351),#354);
#351 = B_SPLINE_CURVE_WITH_KNOTS('',1,(#352,#353),.UNSPECIFIED.,.F.,.F.,
  (2,2),(-69.6,23.2),.PIECEWISE_BEZIER_KNOTS.);
#352 = CARTESIAN_POINT('',(4.213148146208,-46.4));
#353 = CARTESIAN_POINT('',(4.213148146208,46.4));
#354 = ( GEOMETRIC_REPRESENTATION_CONTEXT(2) 
PARAMETRIC_REPRESENTATION_CONTEXT() REPRESENTATION_CONTEXT('2D SPACE',''
  ) );
#355 = ORIENTED_EDGE('',*,*,#356,.T.);
#356 = EDGE_CURVE('',#336,#357,#359,.T.);
#357 = VERTEX_POINT('',#358);
#358 = CARTESIAN_POINT('',(46.4,-13.55807136775,52.715446993392));
#359 = SURFACE_CURVE('',#360,(#364,#371),.PCURVE_S1.);
#360 = LINE('',#361,#362);
#361 = CARTESIAN_POINT('',(46.4,-167.558655694,160.54781702738));
#362 = VECTOR('',#363,1.);
#363 = DIRECTION('',(0.,0.819152044289,-0.573576436351));
#364 = PCURVE('',#44,#365);
#365 = DEFINITIONAL_REPRESENTATION('',(#366),#370);
#366 = LINE('',#367,#368);
#367 = CARTESIAN_POINT('',(92.8,0.));
#368 = VECTOR('',#369,1.);
#369 = DIRECTION('',(0.,1.));
#370 = ( GEOMETRIC_REPRESENTATION_CONTEXT(2) 
PARAMETRIC_REPRESENTATION_CONTEXT() REPRESENTATION_CONTEXT('2D SPACE',''
  ) );
#371 = PCURVE('',#372,#377);
#372 = PLANE('',#373);
#373 = AXIS2_PLACEMENT_3D('',#374,#375,#376);
#374 = CARTESIAN_POINT('',(46.4,-396.9892302344,-167.1130006882));
#375 = DIRECTION('',(1.,0.,0.));
#376 = DIRECTION('',(0.,0.573576436351,0.819152044289));
#377 = DEFINITIONAL_REPRESENTATION('',(#378),#382);
#378 = LINE('',#379,#380);
#379 = CARTESIAN_POINT('',(400.,0.));
#380 = VECTOR('',#381,1.);
#381 = DIRECTION('',(0.,-1.));
#382 = ( GEOMETRIC_REPRESENTATION_CONTEXT(2) 
PARAMETRIC_REPRESENTATION_CONTEXT() REPRESENTATION_CONTEXT('2D SPACE',''
  ) );
#383 = ORIENTED_EDGE('',*,*,#384,.F.);
#384 = EDGE_CURVE('',#385,#357,#387,.T.);
#385 = VERTEX_POINT('',#386);
#386 = CARTESIAN_POINT('',(42.9,-13.55807136775,52.715446993392));
#387 = SURFACE_CURVE('',#388,(#392,#399),.PCURVE_S1.);
#388 = LINE('',#389,#390);
#389 = CARTESIAN_POINT('',(-46.4,-13.55807136775,52.715446993392));
#390 = VECTOR('',#391,1.);
#391 = DIRECTION('',(1.,0.,0.));
#392 = PCURVE('',#44,#393);
#393 = DEFINITIONAL_REPRESENTATION('',(#394),#398);
#394 = LINE('',#395,#396);
#395 = CARTESIAN_POINT('',(0.,188.));
#396 = VECTOR('',#397,1.);
#397 = DIRECTION('',(1.,0.));
#398 = ( GEOMETRIC_REPRESENTATION_CONTEXT(2) 
PARAMETRIC_REPRESENTATION_CONTEXT() REPRESENTATION_CONTEXT('2D SPACE',''
  ) );
#399 = PCURVE('',#400,#405);
#400 = PLANE('',#401);
#401 = AXIS2_PLACEMENT_3D('',#402,#403,#404);
#402 = CARTESIAN_POINT('',(0.,-13.55807136775,52.715446993392));
#403 = DIRECTION('',(0.,-0.819152044289,0.573576436351));
#404 = DIRECTION('',(0.,0.573576436351,0.819152044289));
#405 = DEFINITIONAL_REPRESENTATION('',(#406),#410);
#406 = LINE('',#407,#408);
#407 = CARTESIAN_POINT('',(0.,46.4));
#408 = VECTOR('',#409,1.);
#409 = DIRECTION('',(0.,-1.));
#410 = ( GEOMETRIC_REPRESENTATION_CONTEXT(2) 
PARAMETRIC_REPRESENTATION_CONTEXT() REPRESENTATION_CONTEXT('2D SPACE',''
  ) );
#411 = ORIENTED_EDGE('',*,*,#412,.T.);
#412 = EDGE_CURVE('',#385,#413,#415,.T.);
#413 = VERTEX_POINT('',#414);
#414 = CARTESIAN_POINT('',(42.9,26.989954824555,24.323413394015));
#415 = SURFACE_CURVE('',#416,(#420,#427),.PCURVE_S1.);
#416 = LINE('',#417,#418);
#417 = CARTESIAN_POINT('',(42.9,-3.728246836282,45.83252975718));
#418 = VECTOR('',#419,1.);
#419 = DIRECTION('',(0.,0.819152044289,-0.573576436351));
#420 = PCURVE('',#44,#421);
#421 = DEFINITIONAL_REPRESENTATION('',(#422),#426);
#422 = LINE('',#423,#424);
#423 = CARTESIAN_POINT('',(89.3,200.));
#424 = VECTOR('',#425,1.);
#425 = DIRECTION('',(0.,1.));
#426 = ( GEOMETRIC_REPRESENTATION_CONTEXT(2) 
PARAMETRIC_REPRESENTATION_CONTEXT() REPRESENTATION_CONTEXT('2D SPACE',''
  ) );
#427 = PCURVE('',#428,#433);
#428 = PLANE('',#429);
#429 = AXIS2_PLACEMENT_3D('',#430,#431,#432);
#430 = CARTESIAN_POINT('',(42.9,-34.44644849711,67.341646120344));
#431 = DIRECTION('',(-1.,0.,0.));
#432 = DIRECTION('',(0.,0.819152044289,-0.573576436351));
#433 = DEFINITIONAL_REPRESENTATION('',(#434),#438);
#434 = LINE('',#435,#436);
#435 = CARTESIAN_POINT('',(37.5,3.552713678801E-15));
#436 = VECTOR('',#437,1.);
#437 = DIRECTION('',(1.,0.));
#438 = ( GEOMETRIC_REPRESENTATION_CONTEXT(2) 
PARAMETRIC_REPRESENTATION_CONTEXT() REPRESENTATION_CONTEXT('2D SPACE',''
  ) );
#439 = ORIENTED_EDGE('',*,*,#440,.T.);
#440 = EDGE_CURVE('',#413,#441,#443,.T.);
#441 = VERTEX_POINT('',#442);
#442 = CARTESIAN_POINT('',(37.5,31.413375863716,21.22610063772));
#443 = SURFACE_CURVE('',#444,(#449,#456),.PCURVE_S1.);
#444 = CIRCLE('',#445,5.4);
#445 = AXIS2_PLACEMENT_3D('',#446,#447,#448);
#446 = CARTESIAN_POINT('',(37.5,26.989954824555,24.323413394015));
#447 = DIRECTION('',(-0.,0.573576436351,0.819152044289));
#448 = DIRECTION('',(1.,0.,0.));
#449 = PCURVE('',#44,#450);
#450 = DEFINITIONAL_REPRESENTATION('',(#451),#455);
#451 = CIRCLE('',#452,5.4);
#452 = AXIS2_PLACEMENT_2D('',#453,#454);
#453 = CARTESIAN_POINT('',(83.9,237.5));
#454 = DIRECTION('',(1.,0.));
#455 = ( GEOMETRIC_REPRESENTATION_CONTEXT(2) 
PARAMETRIC_REPRESENTATION_CONTEXT() REPRESENTATION_CONTEXT('2D SPACE',''
  ) );
#456 = PCURVE('',#457,#462);
#457 = CYLINDRICAL_SURFACE('',#458,5.4);
#458 = AXIS2_PLACEMENT_3D('',#459,#460,#461);
#459 = CARTESIAN_POINT('',(37.5,26.989954824555,24.323413394015));
#460 = DIRECTION('',(-0.,-0.573576436351,-0.819152044289));
#461 = DIRECTION('',(1.,0.,0.));
#462 = DEFINITIONAL_REPRESENTATION('',(#463),#467);
#463 = LINE('',#464,#465);
#464 = CARTESIAN_POINT('',(-0.,0.));
#465 = VECTOR('',#466,1.);
#466 = DIRECTION('',(-1.,0.));
#467 = ( GEOMETRIC_REPRESENTATION_CONTEXT(2) 
PARAMETRIC_REPRESENTATION_CONTEXT() REPRESENTATION_CONTEXT('2D SPACE',''
  ) );
#468 = ORIENTED_EDGE('',*,*,#469,.F.);
#469 = EDGE_CURVE('',#470,#441,#472,.T.);
#470 = VERTEX_POINT('',#471);
#471 = CARTESIAN_POINT('',(-37.5,31.413375863716,21.22610063772));
#472 = SURFACE_CURVE('',#473,(#477,#484),.PCURVE_S1.);
#473 = LINE('',#474,#475);
#474 = CARTESIAN_POINT('',(0.,31.413375863716,21.22610063772));
#475 = VECTOR('',#476,1.);
#476 = DIRECTION('',(1.,0.,0.));
#477 = PCURVE('',#44,#478);
#478 = DEFINITIONAL_REPRESENTATION('',(#479),#483);
#479 = LINE('',#480,#481);
#480 = CARTESIAN_POINT('',(46.4,242.9));
#481 = VECTOR('',#482,1.);
#482 = DIRECTION('',(1.,0.));
#483 = ( GEOMETRIC_REPRESENTATION_CONTEXT(2) 
PARAMETRIC_REPRESENTATION_CONTEXT() REPRESENTATION_CONTEXT('2D SPACE',''
  ) );
#484 = PCURVE('',#485,#490);
#485 = PLANE('',#486);
#486 = AXIS2_PLACEMENT_3D('',#487,#488,#489);
#487 = CARTESIAN_POINT('',(-37.5,31.413375863716,21.22610063772));
#488 = DIRECTION('',(0.,0.819152044289,-0.573576436351));
#489 = DIRECTION('',(1.,0.,0.));
#490 = DEFINITIONAL_REPRESENTATION('',(#491),#495);
#491 = LINE('',#492,#493);
#492 = CARTESIAN_POINT('',(37.5,0.));
#493 = VECTOR('',#494,1.);
#494 = DIRECTION('',(1.,0.));
#495 = ( GEOMETRIC_REPRESENTATION_CONTEXT(2) 
PARAMETRIC_REPRESENTATION_CONTEXT() REPRESENTATION_CONTEXT('2D SPACE',''
  ) );
#496 = ORIENTED_EDGE('',*,*,#497,.T.);
#497 = EDGE_CURVE('',#470,#498,#500,.T.);
#498 = VERTEX_POINT('',#499);
#499 = CARTESIAN_POINT('',(-42.9,26.989954824555,24.323413394015));
#500 = SURFACE_CURVE('',#501,(#506,#513),.PCURVE_S1.);
#501 = CIRCLE('',#502,5.4);
#502 = AXIS2_PLACEMENT_3D('',#503,#504,#505);
#503 = CARTESIAN_POINT('',(-37.5,26.989954824555,24.323413394015));
#504 = DIRECTION('',(-0.,0.573576436351,0.819152044289));
#505 = DIRECTION('',(1.,0.,0.));
#506 = PCURVE('',#44,#507);
#507 = DEFINITIONAL_REPRESENTATION('',(#508),#512);
#508 = CIRCLE('',#509,5.4);
#509 = AXIS2_PLACEMENT_2D('',#510,#511);
#510 = CARTESIAN_POINT('',(8.9,237.5));
#511 = DIRECTION('',(1.,0.));
#512 = ( GEOMETRIC_REPRESENTATION_CONTEXT(2) 
PARAMETRIC_REPRESENTATION_CONTEXT() REPRESENTATION_CONTEXT('2D SPACE',''
  ) );
#513 = PCURVE('',#514,#519);
#514 = CYLINDRICAL_SURFACE('',#515,5.4);
#515 = AXIS2_PLACEMENT_3D('',#516,#517,#518);
#516 = CARTESIAN_POINT('',(-37.5,26.989954824555,24.323413394015));
#517 = DIRECTION('',(-0.,-0.573576436351,-0.819152044289));
#518 = DIRECTION('',(1.,0.,0.));
#519 = DEFINITIONAL_REPRESENTATION('',(#520),#524);
#520 = LINE('',#521,#522);
#521 = CARTESIAN_POINT('',(-0.,0.));
#522 = VECTOR('',#523,1.);
#523 = DIRECTION('',(-1.,0.));
#524 = ( GEOMETRIC_REPRESENTATION_CONTEXT(2) 
PARAMETRIC_REPRESENTATION_CONTEXT() REPRESENTATION_CONTEXT('2D SPACE',''
  ) );
#525 = ORIENTED_EDGE('',*,*,#526,.F.);
#526 = EDGE_CURVE('',#527,#498,#529,.T.);
#527 = VERTEX_POINT('',#528);
#528 = CARTESIAN_POINT('',(-42.9,-13.55807136775,52.715446993392));
#529 = SURFACE_CURVE('',#530,(#534,#541),.PCURVE_S1.);
#530 = LINE('',#531,#532);
#531 = CARTESIAN_POINT('',(-42.9,-3.728246836282,45.83252975718));
#532 = VECTOR('',#533,1.);
#533 = DIRECTION('',(0.,0.819152044289,-0.573576436351));
#534 = PCURVE('',#44,#535);
#535 = DEFINITIONAL_REPRESENTATION('',(#536),#540);
#536 = LINE('',#537,#538);
#537 = CARTESIAN_POINT('',(3.5,200.));
#538 = VECTOR('',#539,1.);
#539 = DIRECTION('',(0.,1.));
#540 = ( GEOMETRIC_REPRESENTATION_CONTEXT(2) 
PARAMETRIC_REPRESENTATION_CONTEXT() REPRESENTATION_CONTEXT('2D SPACE',''
  ) );
#541 = PCURVE('',#542,#547);
#542 = PLANE('',#543);
#543 = AXIS2_PLACEMENT_3D('',#544,#545,#546);
#544 = CARTESIAN_POINT('',(-42.9,-34.44644849711,67.341646120344));
#545 = DIRECTION('',(-1.,0.,0.));
#546 = DIRECTION('',(0.,0.819152044289,-0.573576436351));
#547 = DEFINITIONAL_REPRESENTATION('',(#548),#552);
#548 = LINE('',#549,#550);
#549 = CARTESIAN_POINT('',(37.5,3.552713678801E-15));
#550 = VECTOR('',#551,1.);
#551 = DIRECTION('',(1.,0.));
#552 = ( GEOMETRIC_REPRESENTATION_CONTEXT(2) 
PARAMETRIC_REPRESENTATION_CONTEXT() REPRESENTATION_CONTEXT('2D SPACE',''
  ) );
#553 = ORIENTED_EDGE('',*,*,#554,.F.);
#554 = EDGE_CURVE('',#24,#527,#555,.T.);
#555 = SURFACE_CURVE('',#556,(#560,#567),.PCURVE_S1.);
#556 = LINE('',#557,#558);
#557 = CARTESIAN_POINT('',(-46.4,-13.55807136775,52.715446993392));
#558 = VECTOR('',#559,1.);
#559 = DIRECTION('',(1.,0.,0.));
#560 = PCURVE('',#44,#561);
#561 = DEFINITIONAL_REPRESENTATION('',(#562),#566);
#562 = LINE('',#563,#564);
#563 = CARTESIAN_POINT('',(0.,188.));
#564 = VECTOR('',#565,1.);
#565 = DIRECTION('',(1.,0.));
#566 = ( GEOMETRIC_REPRESENTATION_CONTEXT(2) 
PARAMETRIC_REPRESENTATION_CONTEXT() REPRESENTATION_CONTEXT('2D SPACE',''
  ) );
#567 = PCURVE('',#319,#568);
#568 = DEFINITIONAL_REPRESENTATION('',(#569),#573);
#569 = LINE('',#570,#571);
#570 = CARTESIAN_POINT('',(0.,46.4));
#571 = VECTOR('',#572,1.);
#572 = DIRECTION('',(0.,-1.));
#573 = ( GEOMETRIC_REPRESENTATION_CONTEXT(2) 
PARAMETRIC_REPRESENTATION_CONTEXT() REPRESENTATION_CONTEXT('2D SPACE',''
  ) );
#574 = FACE_BOUND('',#575,.T.);
#575 = EDGE_LOOP('',(#576));
#576 = ORIENTED_EDGE('',*,*,#577,.F.);
#577 = EDGE_CURVE('',#578,#578,#580,.T.);
#578 = VERTEX_POINT('',#579);
#579 = CARTESIAN_POINT('',(-30.8,-30.02302745795,64.244333364048));
#580 = SURFACE_CURVE('',#581,(#586,#593),.PCURVE_S1.);
#581 = CIRCLE('',#582,1.3);
#582 = AXIS2_PLACEMENT_3D('',#583,#584,#585);
#583 = CARTESIAN_POINT('',(-32.1,-30.02302745795,64.244333364048));
#584 = DIRECTION('',(0.,0.573576436351,0.819152044289));
#585 = DIRECTION('',(1.,0.,-0.));
#586 = PCURVE('',#44,#587);
#587 = DEFINITIONAL_REPRESENTATION('',(#588),#592);
#588 = CIRCLE('',#589,1.3);
#589 = AXIS2_PLACEMENT_2D('',#590,#591);
#590 = CARTESIAN_POINT('',(14.3,167.9));
#591 = DIRECTION('',(1.,0.));
#592 = ( GEOMETRIC_REPRESENTATION_CONTEXT(2) 
PARAMETRIC_REPRESENTATION_CONTEXT() REPRESENTATION_CONTEXT('2D SPACE',''
  ) );
#593 = PCURVE('',#594,#599);
#594 = CYLINDRICAL_SURFACE('',#595,1.3);
#595 = AXIS2_PLACEMENT_3D('',#596,#597,#598);
#596 = CARTESIAN_POINT('',(-32.1,-30.01729169359,64.252524884491));
#597 = DIRECTION('',(0.,0.573576436351,0.819152044289));
#598 = DIRECTION('',(1.,0.,0.));
#599 = DEFINITIONAL_REPRESENTATION('',(#600),#604);
#600 = LINE('',#601,#602);
#601 = CARTESIAN_POINT('',(0.,-1.000000000002E-02));
#602 = VECTOR('',#603,1.);
#603 = DIRECTION('',(1.,0.));
#604 = ( GEOMETRIC_REPRESENTATION_CONTEXT(2) 
PARAMETRIC_REPRESENTATION_CONTEXT() REPRESENTATION_CONTEXT('2D SPACE',''
  ) );
#605 = FACE_BOUND('',#606,.T.);
#606 = EDGE_LOOP('',(#607));
#607 = ORIENTED_EDGE('',*,*,#608,.F.);
#608 = EDGE_CURVE('',#609,#609,#611,.T.);
#609 = VERTEX_POINT('',#610);
#610 = CARTESIAN_POINT('',(33.4,-30.02302745795,64.244333364048));
#611 = SURFACE_CURVE('',#612,(#617,#624),.PCURVE_S1.);
#612 = CIRCLE('',#613,1.3);
#613 = AXIS2_PLACEMENT_3D('',#614,#615,#616);
#614 = CARTESIAN_POINT('',(32.1,-30.02302745795,64.244333364048));
#615 = DIRECTION('',(0.,0.573576436351,0.819152044289));
#616 = DIRECTION('',(1.,0.,-0.));
#617 = PCURVE('',#44,#618);
#618 = DEFINITIONAL_REPRESENTATION('',(#619),#623);
#619 = CIRCLE('',#620,1.3);
#620 = AXIS2_PLACEMENT_2D('',#621,#622);
#621 = CARTESIAN_POINT('',(78.5,167.9));
#622 = DIRECTION('',(1.,0.));
#623 = ( GEOMETRIC_REPRESENTATION_CONTEXT(2) 
PARAMETRIC_REPRESENTATION_CONTEXT() REPRESENTATION_CONTEXT('2D SPACE',''
  ) );
#624 = PCURVE('',#625,#630);
#625 = CYLINDRICAL_SURFACE('',#626,1.3);
#626 = AXIS2_PLACEMENT_3D('',#627,#628,#629);
#627 = CARTESIAN_POINT('',(32.1,-30.01729169359,64.252524884491));
#628 = DIRECTION('',(0.,0.573576436351,0.819152044289));
#629 = DIRECTION('',(1.,0.,0.));
#630 = DEFINITIONAL_REPRESENTATION('',(#631),#635);
#631 = LINE('',#632,#633);
#632 = CARTESIAN_POINT('',(0.,-1.000000000002E-02));
#633 = VECTOR('',#634,1.);
#634 = DIRECTION('',(1.,0.));
#635 = ( GEOMETRIC_REPRESENTATION_CONTEXT(2) 
PARAMETRIC_REPRESENTATION_CONTEXT() REPRESENTATION_CONTEXT('2D SPACE',''
  ) );
#636 = FACE_BOUND('',#637,.T.);
#637 = EDGE_LOOP('',(#638));
#638 = ORIENTED_EDGE('',*,*,#639,.F.);
#639 = EDGE_CURVE('',#640,#640,#642,.T.);
#640 = VERTEX_POINT('',#641);
#641 = CARTESIAN_POINT('',(-30.8,22.566533785395,27.420726150311));
#642 = SURFACE_CURVE('',#643,(#648,#655),.PCURVE_S1.);
#643 = CIRCLE('',#644,1.3);
#644 = AXIS2_PLACEMENT_3D('',#645,#646,#647);
#645 = CARTESIAN_POINT('',(-32.1,22.566533785395,27.420726150311));
#646 = DIRECTION('',(0.,0.573576436351,0.819152044289));
#647 = DIRECTION('',(1.,0.,-0.));
#648 = PCURVE('',#44,#649);
#649 = DEFINITIONAL_REPRESENTATION('',(#650),#654);
#650 = CIRCLE('',#651,1.3);
#651 = AXIS2_PLACEMENT_2D('',#652,#653);
#652 = CARTESIAN_POINT('',(14.3,232.1));
#653 = DIRECTION('',(1.,0.));
#654 = ( GEOMETRIC_REPRESENTATION_CONTEXT(2) 
PARAMETRIC_REPRESENTATION_CONTEXT() REPRESENTATION_CONTEXT('2D SPACE',''
  ) );
#655 = PCURVE('',#656,#661);
#656 = CYLINDRICAL_SURFACE('',#657,1.3);
#657 = AXIS2_PLACEMENT_3D('',#658,#659,#660);
#658 = CARTESIAN_POINT('',(-32.1,22.572269549758,27.428917670754));
#659 = DIRECTION('',(0.,0.573576436351,0.819152044289));
#660 = DIRECTION('',(1.,0.,0.));
#661 = DEFINITIONAL_REPRESENTATION('',(#662),#666);
#662 = LINE('',#663,#664);
#663 = CARTESIAN_POINT('',(0.,-1.000000000001E-02));
#664 = VECTOR('',#665,1.);
#665 = DIRECTION('',(1.,0.));
#666 = ( GEOMETRIC_REPRESENTATION_CONTEXT(2) 
PARAMETRIC_REPRESENTATION_CONTEXT() REPRESENTATION_CONTEXT('2D SPACE',''
  ) );
#667 = FACE_BOUND('',#668,.T.);
#668 = EDGE_LOOP('',(#669));
#669 = ORIENTED_EDGE('',*,*,#670,.F.);
#670 = EDGE_CURVE('',#671,#671,#673,.T.);
#671 = VERTEX_POINT('',#672);
#672 = CARTESIAN_POINT('',(33.4,22.566533785395,27.420726150311));
#673 = SURFACE_CURVE('',#674,(#679,#686),.PCURVE_S1.);
#674 = CIRCLE('',#675,1.3);
#675 = AXIS2_PLACEMENT_3D('',#676,#677,#678);
#676 = CARTESIAN_POINT('',(32.1,22.566533785395,27.420726150311));
#677 = DIRECTION('',(0.,0.573576436351,0.819152044289));
#678 = DIRECTION('',(1.,0.,-0.));
#679 = PCURVE('',#44,#680);
#680 = DEFINITIONAL_REPRESENTATION('',(#681),#685);
#681 = CIRCLE('',#682,1.3);
#682 = AXIS2_PLACEMENT_2D('',#683,#684);
#683 = CARTESIAN_POINT('',(78.5,232.1));
#684 = DIRECTION('',(1.,0.));
#685 = ( GEOMETRIC_REPRESENTATION_CONTEXT(2) 
PARAMETRIC_REPRESENTATION_CONTEXT() REPRESENTATION_CONTEXT('2D SPACE',''
  ) );
#686 = PCURVE('',#687,#692);
#687 = CYLINDRICAL_SURFACE('',#688,1.3);
#688 = AXIS2_PLACEMENT_3D('',#689,#690,#691);
#689 = CARTESIAN_POINT('',(32.1,22.572269549758,27.428917670754));
#690 = DIRECTION('',(0.,0.573576436351,0.819152044289));
#691 = DIRECTION('',(1.,0.,0.));
#692 = DEFINITIONAL_REPRESENTATION('',(#693),#697);
#693 = LINE('',#694,#695);
#694 = CARTESIAN_POINT('',(0.,-1.000000000001E-02));
#695 = VECTOR('',#696,1.);
#696 = DIRECTION('',(1.,0.));
#697 = ( GEOMETRIC_REPRESENTATION_CONTEXT(2) 
PARAMETRIC_REPRESENTATION_CONTEXT() REPRESENTATION_CONTEXT('2D SPACE',''
  ) );
#698 = ADVANCED_FACE('',(#699),#319,.T.);
#699 = FACE_BOUND('',#700,.T.);
#700 = EDGE_LOOP('',(#701,#702,#725,#746));
#701 = ORIENTED_EDGE('',*,*,#554,.T.);
#702 = ORIENTED_EDGE('',*,*,#703,.F.);
#703 = EDGE_CURVE('',#704,#527,#706,.T.);
#704 = VERTEX_POINT('',#705);
#705 = CARTESIAN_POINT('',(-42.9,-9.256248095117,58.85908732556));
#706 = SURFACE_CURVE('',#707,(#711,#718),.PCURVE_S1.);
#707 = LINE('',#708,#709);
#708 = CARTESIAN_POINT('',(-42.9,-13.55807136775,52.715446993392));
#709 = VECTOR('',#710,1.);
#710 = DIRECTION('',(-0.,-0.573576436351,-0.819152044289));
#711 = PCURVE('',#319,#712);
#712 = DEFINITIONAL_REPRESENTATION('',(#713),#717);
#713 = LINE('',#714,#715);
#714 = CARTESIAN_POINT('',(0.,42.9));
#715 = VECTOR('',#716,1.);
#716 = DIRECTION('',(-1.,0.));
#717 = ( GEOMETRIC_REPRESENTATION_CONTEXT(2) 
PARAMETRIC_REPRESENTATION_CONTEXT() REPRESENTATION_CONTEXT('2D SPACE',''
  ) );
#718 = PCURVE('',#542,#719);
#719 = DEFINITIONAL_REPRESENTATION('',(#720),#724);
#720 = LINE('',#721,#722);
#721 = CARTESIAN_POINT('',(25.5,5.329070518201E-15));
#722 = VECTOR('',#723,1.);
#723 = DIRECTION('',(0.,1.));
#724 = ( GEOMETRIC_REPRESENTATION_CONTEXT(2) 
PARAMETRIC_REPRESENTATION_CONTEXT() REPRESENTATION_CONTEXT('2D SPACE',''
  ) );
#725 = ORIENTED_EDGE('',*,*,#726,.T.);
#726 = EDGE_CURVE('',#704,#278,#727,.T.);
#727 = SURFACE_CURVE('',#728,(#732,#739),.PCURVE_S1.);
#728 = LINE('',#729,#730);
#729 = CARTESIAN_POINT('',(46.4,-9.256248095117,58.85908732556));
#730 = VECTOR('',#731,1.);
#731 = DIRECTION('',(-1.,0.,0.));
#732 = PCURVE('',#319,#733);
#733 = DEFINITIONAL_REPRESENTATION('',(#734),#738);
#734 = LINE('',#735,#736);
#735 = CARTESIAN_POINT('',(7.5,-46.4));
#736 = VECTOR('',#737,1.);
#737 = DIRECTION('',(0.,1.));
#738 = ( GEOMETRIC_REPRESENTATION_CONTEXT(2) 
PARAMETRIC_REPRESENTATION_CONTEXT() REPRESENTATION_CONTEXT('2D SPACE',''
  ) );
#739 = PCURVE('',#293,#740);
#740 = DEFINITIONAL_REPRESENTATION('',(#741),#745);
#741 = LINE('',#742,#743);
#742 = CARTESIAN_POINT('',(0.,-46.4));
#743 = VECTOR('',#744,1.);
#744 = DIRECTION('',(0.,1.));
#745 = ( GEOMETRIC_REPRESENTATION_CONTEXT(2) 
PARAMETRIC_REPRESENTATION_CONTEXT() REPRESENTATION_CONTEXT('2D SPACE',''
  ) );
#746 = ORIENTED_EDGE('',*,*,#305,.F.);
#747 = ADVANCED_FACE('',(#748),#293,.T.);
#748 = FACE_BOUND('',#749,.T.);
#749 = EDGE_LOOP('',(#750,#751,#774,#795));
#750 = ORIENTED_EDGE('',*,*,#726,.F.);
#751 = ORIENTED_EDGE('',*,*,#752,.F.);
#752 = EDGE_CURVE('',#753,#704,#755,.T.);
#753 = VERTEX_POINT('',#754);
#754 = CARTESIAN_POINT('',(-42.9,22.608766427725,36.546963951504));
#755 = SURFACE_CURVE('',#756,(#760,#767),.PCURVE_S1.);
#756 = LINE('',#757,#758);
#757 = CARTESIAN_POINT('',(-42.9,-19.7004366598,66.172186889036));
#758 = VECTOR('',#759,1.);
#759 = DIRECTION('',(0.,-0.819152044289,0.573576436351));
#760 = PCURVE('',#293,#761);
#761 = DEFINITIONAL_REPRESENTATION('',(#762),#766);
#762 = LINE('',#763,#764);
#763 = CARTESIAN_POINT('',(-12.75,42.9));
#764 = VECTOR('',#765,1.);
#765 = DIRECTION('',(-1.,0.));
#766 = ( GEOMETRIC_REPRESENTATION_CONTEXT(2) 
PARAMETRIC_REPRESENTATION_CONTEXT() REPRESENTATION_CONTEXT('2D SPACE',''
  ) );
#767 = PCURVE('',#542,#768);
#768 = DEFINITIONAL_REPRESENTATION('',(#769),#773);
#769 = LINE('',#770,#771);
#770 = CARTESIAN_POINT('',(12.75,-7.5));
#771 = VECTOR('',#772,1.);
#772 = DIRECTION('',(-1.,0.));
#773 = ( GEOMETRIC_REPRESENTATION_CONTEXT(2) 
PARAMETRIC_REPRESENTATION_CONTEXT() REPRESENTATION_CONTEXT('2D SPACE',''
  ) );
#774 = ORIENTED_EDGE('',*,*,#775,.T.);
#775 = EDGE_CURVE('',#753,#250,#776,.T.);
#776 = SURFACE_CURVE('',#777,(#781,#788),.PCURVE_S1.);
#777 = LINE('',#778,#779);
#778 = CARTESIAN_POINT('',(46.4,22.608766427725,36.546963951504));
#779 = VECTOR('',#780,1.);
#780 = DIRECTION('',(-1.,0.,0.));
#781 = PCURVE('',#293,#782);
#782 = DEFINITIONAL_REPRESENTATION('',(#783),#787);
#783 = LINE('',#784,#785);
#784 = CARTESIAN_POINT('',(38.9,-46.4));
#785 = VECTOR('',#786,1.);
#786 = DIRECTION('',(0.,1.));
#787 = ( GEOMETRIC_REPRESENTATION_CONTEXT(2) 
PARAMETRIC_REPRESENTATION_CONTEXT() REPRESENTATION_CONTEXT('2D SPACE',''
  ) );
#788 = PCURVE('',#265,#789);
#789 = DEFINITIONAL_REPRESENTATION('',(#790),#794);
#790 = LINE('',#791,#792);
#791 = CARTESIAN_POINT('',(0.,-46.4));
#792 = VECTOR('',#793,1.);
#793 = DIRECTION('',(0.,1.));
#794 = ( GEOMETRIC_REPRESENTATION_CONTEXT(2) 
PARAMETRIC_REPRESENTATION_CONTEXT() REPRESENTATION_CONTEXT('2D SPACE',''
  ) );
#795 = ORIENTED_EDGE('',*,*,#277,.F.);
#796 = ADVANCED_FACE('',(#797),#265,.T.);
#797 = FACE_BOUND('',#798,.T.);
#798 = EDGE_LOOP('',(#799,#800,#823,#844));
#799 = ORIENTED_EDGE('',*,*,#775,.F.);
#800 = ORIENTED_EDGE('',*,*,#801,.F.);
#801 = EDGE_CURVE('',#802,#753,#804,.T.);
#802 = VERTEX_POINT('',#803);
#803 = CARTESIAN_POINT('',(-42.9,32.521016179668,33.26865572086));
#804 = SURFACE_CURVE('',#805,(#809,#816),.PCURVE_S1.);
#805 = LINE('',#806,#807);
#806 = CARTESIAN_POINT('',(-42.9,-7.696345772596,46.569865032806));
#807 = VECTOR('',#808,1.);
#808 = DIRECTION('',(-0.,-0.949421335809,0.314004979437));
#809 = PCURVE('',#265,#810);
#810 = DEFINITIONAL_REPRESENTATION('',(#811),#815);
#811 = LINE('',#812,#813);
#812 = CARTESIAN_POINT('',(-31.91956095499,42.9));
#813 = VECTOR('',#814,1.);
#814 = DIRECTION('',(-1.,0.));
#815 = ( GEOMETRIC_REPRESENTATION_CONTEXT(2) 
PARAMETRIC_REPRESENTATION_CONTEXT() REPRESENTATION_CONTEXT('2D SPACE',''
  ) );
#816 = PCURVE('',#542,#817);
#817 = DEFINITIONAL_REPRESENTATION('',(#818),#822);
#818 = LINE('',#819,#820);
#819 = CARTESIAN_POINT('',(33.826605504587,1.672018348624));
#820 = VECTOR('',#821,1.);
#821 = DIRECTION('',(-0.957826285221,0.287347885566));
#822 = ( GEOMETRIC_REPRESENTATION_CONTEXT(2) 
PARAMETRIC_REPRESENTATION_CONTEXT() REPRESENTATION_CONTEXT('2D SPACE',''
  ) );
#823 = ORIENTED_EDGE('',*,*,#824,.T.);
#824 = EDGE_CURVE('',#802,#222,#825,.T.);
#825 = SURFACE_CURVE('',#826,(#830,#837),.PCURVE_S1.);
#826 = LINE('',#827,#828);
#827 = CARTESIAN_POINT('',(46.4,32.521016179668,33.26865572086));
#828 = VECTOR('',#829,1.);
#829 = DIRECTION('',(-1.,0.,0.));
#830 = PCURVE('',#265,#831);
#831 = DEFINITIONAL_REPRESENTATION('',(#832),#836);
#832 = LINE('',#833,#834);
#833 = CARTESIAN_POINT('',(10.440306508911,-46.4));
#834 = VECTOR('',#835,1.);
#835 = DIRECTION('',(0.,1.));
#836 = ( GEOMETRIC_REPRESENTATION_CONTEXT(2) 
PARAMETRIC_REPRESENTATION_CONTEXT() REPRESENTATION_CONTEXT('2D SPACE',''
  ) );
#837 = PCURVE('',#237,#838);
#838 = DEFINITIONAL_REPRESENTATION('',(#839),#843);
#839 = LINE('',#840,#841);
#840 = CARTESIAN_POINT('',(0.,-46.4));
#841 = VECTOR('',#842,1.);
#842 = DIRECTION('',(0.,1.));
#843 = ( GEOMETRIC_REPRESENTATION_CONTEXT(2) 
PARAMETRIC_REPRESENTATION_CONTEXT() REPRESENTATION_CONTEXT('2D SPACE',''
  ) );
#844 = ORIENTED_EDGE('',*,*,#249,.F.);
#845 = ADVANCED_FACE('',(#846),#237,.T.);
#846 = FACE_BOUND('',#847,.T.);
#847 = EDGE_LOOP('',(#848,#873,#901,#927,#955,#956,#957,#980));
#848 = ORIENTED_EDGE('',*,*,#849,.F.);
#849 = EDGE_CURVE('',#850,#852,#854,.T.);
#850 = VERTEX_POINT('',#851);
#851 = CARTESIAN_POINT('',(-7.,37.435928445402,29.827197102754));
#852 = VERTEX_POINT('',#853);
#853 = CARTESIAN_POINT('',(-37.5,37.435928445402,29.827197102754));
#854 = SURFACE_CURVE('',#855,(#859,#866),.PCURVE_S1.);
#855 = LINE('',#856,#857);
#856 = CARTESIAN_POINT('',(-18.75,37.435928445402,29.827197102754));
#857 = VECTOR('',#858,1.);
#858 = DIRECTION('',(-1.,0.,0.));
#859 = PCURVE('',#237,#860);
#860 = DEFINITIONAL_REPRESENTATION('',(#861),#865);
#861 = LINE('',#862,#863);
#862 = CARTESIAN_POINT('',(6.,18.75));
#863 = VECTOR('',#864,1.);
#864 = DIRECTION('',(0.,1.));
#865 = ( GEOMETRIC_REPRESENTATION_CONTEXT(2) 
PARAMETRIC_REPRESENTATION_CONTEXT() REPRESENTATION_CONTEXT('2D SPACE',''
  ) );
#866 = PCURVE('',#485,#867);
#867 = DEFINITIONAL_REPRESENTATION('',(#868),#872);
#868 = LINE('',#869,#870);
#869 = CARTESIAN_POINT('',(18.75,-10.5));
#870 = VECTOR('',#871,1.);
#871 = DIRECTION('',(-1.,-0.));
#872 = ( GEOMETRIC_REPRESENTATION_CONTEXT(2) 
PARAMETRIC_REPRESENTATION_CONTEXT() REPRESENTATION_CONTEXT('2D SPACE',''
  ) );
#873 = ORIENTED_EDGE('',*,*,#874,.T.);
#874 = EDGE_CURVE('',#850,#875,#877,.T.);
#875 = VERTEX_POINT('',#876);
#876 = CARTESIAN_POINT('',(-7.,44.808296844003,24.665009175595));
#877 = SURFACE_CURVE('',#878,(#882,#889),.PCURVE_S1.);
#878 = LINE('',#879,#880);
#879 = CARTESIAN_POINT('',(-7.,31.701864135379,33.842232157212));
#880 = VECTOR('',#881,1.);
#881 = DIRECTION('',(0.,0.819152044289,-0.573576436351));
#882 = PCURVE('',#237,#883);
#883 = DEFINITIONAL_REPRESENTATION('',(#884),#888);
#884 = LINE('',#885,#886);
#885 = CARTESIAN_POINT('',(-1.,7.));
#886 = VECTOR('',#887,1.);
#887 = DIRECTION('',(1.,0.));
#888 = ( GEOMETRIC_REPRESENTATION_CONTEXT(2) 
PARAMETRIC_REPRESENTATION_CONTEXT() REPRESENTATION_CONTEXT('2D SPACE',''
  ) );
#889 = PCURVE('',#890,#895);
#890 = PLANE('',#891);
#891 = AXIS2_PLACEMENT_3D('',#892,#893,#894);
#892 = CARTESIAN_POINT('',(-7.,26.007312382106,27.453016217106));
#893 = DIRECTION('',(1.,0.,0.));
#894 = DIRECTION('',(0.,0.573576436351,0.819152044289));
#895 = DEFINITIONAL_REPRESENTATION('',(#896),#900);
#896 = LINE('',#897,#898);
#897 = CARTESIAN_POINT('',(8.5,-1.));
#898 = VECTOR('',#899,1.);
#899 = DIRECTION('',(0.,-1.));
#900 = ( GEOMETRIC_REPRESENTATION_CONTEXT(2) 
PARAMETRIC_REPRESENTATION_CONTEXT() REPRESENTATION_CONTEXT('2D SPACE',''
  ) );
#901 = ORIENTED_EDGE('',*,*,#902,.F.);
#902 = EDGE_CURVE('',#903,#875,#905,.T.);
#903 = VERTEX_POINT('',#904);
#904 = CARTESIAN_POINT('',(-40.4,44.808296844003,24.665009175595));
#905 = SURFACE_CURVE('',#906,(#910,#916),.PCURVE_S1.);
#906 = LINE('',#907,#908);
#907 = CARTESIAN_POINT('',(23.2,44.808296844003,24.665009175595));
#908 = VECTOR('',#909,1.);
#909 = DIRECTION('',(1.,0.,-0.));
#910 = PCURVE('',#237,#911);
#911 = DEFINITIONAL_REPRESENTATION('',(#912),#915);
#912 = B_SPLINE_CURVE_WITH_KNOTS('',1,(#913,#914),.UNSPECIFIED.,.F.,.F.,
  (2,2),(-63.6,-30.2),.PIECEWISE_BEZIER_KNOTS.);
#913 = CARTESIAN_POINT('',(15.,40.4));
#914 = CARTESIAN_POINT('',(15.,7.));
#915 = ( GEOMETRIC_REPRESENTATION_CONTEXT(2) 
PARAMETRIC_REPRESENTATION_CONTEXT() REPRESENTATION_CONTEXT('2D SPACE',''
  ) );
#916 = PCURVE('',#917,#922);
#917 = PLANE('',#918);
#918 = AXIS2_PLACEMENT_3D('',#919,#920,#921);
#919 = CARTESIAN_POINT('',(46.4,44.808296844003,0.));
#920 = DIRECTION('',(0.,-1.,0.));
#921 = DIRECTION('',(-1.,0.,0.));
#922 = DEFINITIONAL_REPRESENTATION('',(#923),#926);
#923 = B_SPLINE_CURVE_WITH_KNOTS('',1,(#924,#925),.UNSPECIFIED.,.F.,.F.,
  (2,2),(-63.6,-30.2),.PIECEWISE_BEZIER_KNOTS.);
#924 = CARTESIAN_POINT('',(86.8,-24.66500917559));
#925 = CARTESIAN_POINT('',(53.4,-24.66500917559));
#926 = ( GEOMETRIC_REPRESENTATION_CONTEXT(2) 
PARAMETRIC_REPRESENTATION_CONTEXT() REPRESENTATION_CONTEXT('2D SPACE',''
  ) );
#927 = ORIENTED_EDGE('',*,*,#928,.T.);
#928 = EDGE_CURVE('',#903,#194,#929,.T.);
#929 = SURFACE_CURVE('',#930,(#935,#942),.PCURVE_S1.);
#930 = ELLIPSE('',#931,7.324647532569,6.);
#931 = AXIS2_PLACEMENT_3D('',#932,#933,#934);
#932 = CARTESIAN_POINT('',(-40.4,38.808296844003,28.866254404853));
#933 = DIRECTION('',(0.,0.573576436351,0.819152044289));
#934 = DIRECTION('',(0.,-0.819152044289,0.573576436351));
#935 = PCURVE('',#237,#936);
#936 = DEFINITIONAL_REPRESENTATION('',(#937),#941);
#937 = ELLIPSE('',#938,7.324647532569,6.);
#938 = AXIS2_PLACEMENT_2D('',#939,#940);
#939 = CARTESIAN_POINT('',(7.675352467431,40.4));
#940 = DIRECTION('',(-1.,0.));
#941 = ( GEOMETRIC_REPRESENTATION_CONTEXT(2) 
PARAMETRIC_REPRESENTATION_CONTEXT() REPRESENTATION_CONTEXT('2D SPACE',''
  ) );
#942 = PCURVE('',#209,#943);
#943 = DEFINITIONAL_REPRESENTATION('',(#944),#954);
#944 = B_SPLINE_CURVE_WITH_KNOTS('',8,(#945,#946,#947,#948,#949,#950,
    #951,#952,#953),.UNSPECIFIED.,.F.,.F.,(9,9),(3.14159265359,
    4.712388980385),.PIECEWISE_BEZIER_KNOTS.);
#945 = CARTESIAN_POINT('',(0.,24.665009175595));
#946 = CARTESIAN_POINT('',(0.196349540849,24.665009175595));
#947 = CARTESIAN_POINT('',(0.392699081698,24.850119300503));
#948 = CARTESIAN_POINT('',(0.589048622547,25.220337977735));
#949 = CARTESIAN_POINT('',(0.785398163398,25.760447105829));
#950 = CARTESIAN_POINT('',(0.981747704246,26.439979571252));
#951 = CARTESIAN_POINT('',(1.178097245096,27.216429065462));
#952 = CARTESIAN_POINT('',(1.374446785946,28.041341833093));
#953 = CARTESIAN_POINT('',(1.570796326795,28.866254404853));
#954 = ( GEOMETRIC_REPRESENTATION_CONTEXT(2) 
PARAMETRIC_REPRESENTATION_CONTEXT() REPRESENTATION_CONTEXT('2D SPACE',''
  ) );
#955 = ORIENTED_EDGE('',*,*,#221,.F.);
#956 = ORIENTED_EDGE('',*,*,#824,.F.);
#957 = ORIENTED_EDGE('',*,*,#958,.F.);
#958 = EDGE_CURVE('',#959,#802,#961,.T.);
#959 = VERTEX_POINT('',#960);
#960 = CARTESIAN_POINT('',(-42.9,33.012507406241,32.92450985905));
#961 = SURFACE_CURVE('',#962,(#966,#973),.PCURVE_S1.);
#962 = LINE('',#963,#964);
#963 = CARTESIAN_POINT('',(-42.9,2.048560132117,54.605699153119));
#964 = VECTOR('',#965,1.);
#965 = DIRECTION('',(0.,-0.819152044289,0.573576436351));
#966 = PCURVE('',#237,#967);
#967 = DEFINITIONAL_REPRESENTATION('',(#968),#972);
#968 = LINE('',#969,#970);
#969 = CARTESIAN_POINT('',(-37.2,42.9));
#970 = VECTOR('',#971,1.);
#971 = DIRECTION('',(-1.,0.));
#972 = ( GEOMETRIC_REPRESENTATION_CONTEXT(2) 
PARAMETRIC_REPRESENTATION_CONTEXT() REPRESENTATION_CONTEXT('2D SPACE',''
  ) );
#973 = PCURVE('',#542,#974);
#974 = DEFINITIONAL_REPRESENTATION('',(#975),#979);
#975 = LINE('',#976,#977);
#976 = CARTESIAN_POINT('',(37.2,-10.5));
#977 = VECTOR('',#978,1.);
#978 = DIRECTION('',(-1.,0.));
#979 = ( GEOMETRIC_REPRESENTATION_CONTEXT(2) 
PARAMETRIC_REPRESENTATION_CONTEXT() REPRESENTATION_CONTEXT('2D SPACE',''
  ) );
#980 = ORIENTED_EDGE('',*,*,#981,.T.);
#981 = EDGE_CURVE('',#959,#852,#982,.T.);
#982 = SURFACE_CURVE('',#983,(#988,#999),.PCURVE_S1.);
#983 = CIRCLE('',#984,5.4);
#984 = AXIS2_PLACEMENT_3D('',#985,#986,#987);
#985 = CARTESIAN_POINT('',(-37.5,33.012507406241,32.92450985905));
#986 = DIRECTION('',(0.,-0.573576436351,-0.819152044289));
#987 = DIRECTION('',(1.,0.,0.));
#988 = PCURVE('',#237,#989);
#989 = DEFINITIONAL_REPRESENTATION('',(#990),#998);
#990 = ( BOUNDED_CURVE() B_SPLINE_CURVE(2,(#991,#992,#993,#994,#995,#996
,#997),.UNSPECIFIED.,.T.,.F.) B_SPLINE_CURVE_WITH_KNOTS((1,2,2,2,2,1),(
    -2.094395102393,0.,2.094395102393,4.188790204786,6.28318530718,
8.377580409573),.UNSPECIFIED.) CURVE() GEOMETRIC_REPRESENTATION_ITEM() 
RATIONAL_B_SPLINE_CURVE((1.,0.5,1.,0.5,1.,0.5,1.)) REPRESENTATION_ITEM(
  '') );
#991 = CARTESIAN_POINT('',(0.6,32.1));
#992 = CARTESIAN_POINT('',(-8.753074360872,32.1));
#993 = CARTESIAN_POINT('',(-4.076537180436,40.2));
#994 = CARTESIAN_POINT('',(0.6,48.3));
#995 = CARTESIAN_POINT('',(5.276537180436,40.2));
#996 = CARTESIAN_POINT('',(9.953074360872,32.1));
#997 = CARTESIAN_POINT('',(0.6,32.1));
#998 = ( GEOMETRIC_REPRESENTATION_CONTEXT(2) 
PARAMETRIC_REPRESENTATION_CONTEXT() REPRESENTATION_CONTEXT('2D SPACE',''
  ) );
#999 = PCURVE('',#514,#1000);
#1000 = DEFINITIONAL_REPRESENTATION('',(#1001),#1005);
#1001 = LINE('',#1002,#1003);
#1002 = CARTESIAN_POINT('',(-6.28318530718,-10.5));
#1003 = VECTOR('',#1004,1.);
#1004 = DIRECTION('',(1.,-0.));
#1005 = ( GEOMETRIC_REPRESENTATION_CONTEXT(2) 
PARAMETRIC_REPRESENTATION_CONTEXT() REPRESENTATION_CONTEXT('2D SPACE',''
  ) );
#1006 = ADVANCED_FACE('',(#1007),#209,.T.);
#1007 = FACE_BOUND('',#1008,.T.);
#1008 = EDGE_LOOP('',(#1009,#1032,#1059,#1060));
#1009 = ORIENTED_EDGE('',*,*,#1010,.F.);
#1010 = EDGE_CURVE('',#1011,#903,#1013,.T.);
#1011 = VERTEX_POINT('',#1012);
#1012 = CARTESIAN_POINT('',(-40.4,44.808296844003,0.6));
#1013 = SURFACE_CURVE('',#1014,(#1018,#1025),.PCURVE_S1.);
#1014 = LINE('',#1015,#1016);
#1015 = CARTESIAN_POINT('',(-40.4,44.808296844003,0.));
#1016 = VECTOR('',#1017,1.);
#1017 = DIRECTION('',(0.,0.,1.));
#1018 = PCURVE('',#209,#1019);
#1019 = DEFINITIONAL_REPRESENTATION('',(#1020),#1024);
#1020 = LINE('',#1021,#1022);
#1021 = CARTESIAN_POINT('',(0.,0.));
#1022 = VECTOR('',#1023,1.);
#1023 = DIRECTION('',(0.,1.));
#1024 = ( GEOMETRIC_REPRESENTATION_CONTEXT(2) 
PARAMETRIC_REPRESENTATION_CONTEXT() REPRESENTATION_CONTEXT('2D SPACE',''
  ) );
#1025 = PCURVE('',#917,#1026);
#1026 = DEFINITIONAL_REPRESENTATION('',(#1027),#1031);
#1027 = LINE('',#1028,#1029);
#1028 = CARTESIAN_POINT('',(86.8,0.));
#1029 = VECTOR('',#1030,1.);
#1030 = DIRECTION('',(0.,-1.));
#1031 = ( GEOMETRIC_REPRESENTATION_CONTEXT(2) 
PARAMETRIC_REPRESENTATION_CONTEXT() REPRESENTATION_CONTEXT('2D SPACE',''
  ) );
#1032 = ORIENTED_EDGE('',*,*,#1033,.T.);
#1033 = EDGE_CURVE('',#1011,#166,#1034,.T.);
#1034 = SURFACE_CURVE('',#1035,(#1040,#1047),.PCURVE_S1.);
#1035 = CIRCLE('',#1036,6.);
#1036 = AXIS2_PLACEMENT_3D('',#1037,#1038,#1039);
#1037 = CARTESIAN_POINT('',(-40.4,38.808296844003,0.6));
#1038 = DIRECTION('',(0.,-0.,1.));
#1039 = DIRECTION('',(0.,1.,0.));
#1040 = PCURVE('',#209,#1041);
#1041 = DEFINITIONAL_REPRESENTATION('',(#1042),#1046);
#1042 = LINE('',#1043,#1044);
#1043 = CARTESIAN_POINT('',(0.,0.6));
#1044 = VECTOR('',#1045,1.);
#1045 = DIRECTION('',(1.,0.));
#1046 = ( GEOMETRIC_REPRESENTATION_CONTEXT(2) 
PARAMETRIC_REPRESENTATION_CONTEXT() REPRESENTATION_CONTEXT('2D SPACE',''
  ) );
#1047 = PCURVE('',#1048,#1053);
#1048 = CONICAL_SURFACE('',#1049,6.,0.785398163397);
#1049 = AXIS2_PLACEMENT_3D('',#1050,#1051,#1052);
#1050 = CARTESIAN_POINT('',(-40.4,38.808296844003,0.6));
#1051 = DIRECTION('',(0.,0.,1.));
#1052 = DIRECTION('',(0.,1.,0.));
#1053 = DEFINITIONAL_REPRESENTATION('',(#1054),#1058);
#1054 = LINE('',#1055,#1056);
#1055 = CARTESIAN_POINT('',(0.,-0.));
#1056 = VECTOR('',#1057,1.);
#1057 = DIRECTION('',(1.,-0.));
#1058 = ( GEOMETRIC_REPRESENTATION_CONTEXT(2) 
PARAMETRIC_REPRESENTATION_CONTEXT() REPRESENTATION_CONTEXT('2D SPACE',''
  ) );
#1059 = ORIENTED_EDGE('',*,*,#193,.T.);
#1060 = ORIENTED_EDGE('',*,*,#928,.F.);
#1061 = ADVANCED_FACE('',(#1062),#181,.T.);
#1062 = FACE_BOUND('',#1063,.F.);
#1063 = EDGE_LOOP('',(#1064,#1085,#1086,#1112));
#1064 = ORIENTED_EDGE('',*,*,#1065,.F.);
#1065 = EDGE_CURVE('',#166,#1066,#1068,.T.);
#1066 = VERTEX_POINT('',#1067);
#1067 = CARTESIAN_POINT('',(-45.8,38.808296844003,6.661338147751E-16));
#1068 = SURFACE_CURVE('',#1069,(#1073,#1079),.PCURVE_S1.);
#1069 = LINE('',#1070,#1071);
#1070 = CARTESIAN_POINT('',(-46.4,38.808296844003,0.6));
#1071 = VECTOR('',#1072,1.);
#1072 = DIRECTION('',(0.707106781187,-4.329780281177E-17,-0.707106781187
    ));
#1073 = PCURVE('',#181,#1074);
#1074 = DEFINITIONAL_REPRESENTATION('',(#1075),#1078);
#1075 = B_SPLINE_CURVE_WITH_KNOTS('',1,(#1076,#1077),.UNSPECIFIED.,.F.,
  .F.,(2,2),(0.,0.848528137424),.PIECEWISE_BEZIER_KNOTS.);
#1076 = CARTESIAN_POINT('',(0.,-0.424264068712));
#1077 = CARTESIAN_POINT('',(0.,0.424264068712));
#1078 = ( GEOMETRIC_REPRESENTATION_CONTEXT(2) 
PARAMETRIC_REPRESENTATION_CONTEXT() REPRESENTATION_CONTEXT('2D SPACE',''
  ) );
#1079 = PCURVE('',#1048,#1080);
#1080 = DEFINITIONAL_REPRESENTATION('',(#1081),#1084);
#1081 = B_SPLINE_CURVE_WITH_KNOTS('',1,(#1082,#1083),.UNSPECIFIED.,.F.,
  .F.,(2,2),(0.,0.848528137424),.PIECEWISE_BEZIER_KNOTS.);
#1082 = CARTESIAN_POINT('',(1.570796326795,0.));
#1083 = CARTESIAN_POINT('',(1.570796326795,-0.6));
#1084 = ( GEOMETRIC_REPRESENTATION_CONTEXT(2) 
PARAMETRIC_REPRESENTATION_CONTEXT() REPRESENTATION_CONTEXT('2D SPACE',''
  ) );
#1085 = ORIENTED_EDGE('',*,*,#165,.T.);
#1086 = ORIENTED_EDGE('',*,*,#1087,.T.);
#1087 = EDGE_CURVE('',#138,#1088,#1090,.T.);
#1088 = VERTEX_POINT('',#1089);
#1089 = CARTESIAN_POINT('',(-45.8,-43.29963563511,9.436895709314E-16));
#1090 = SURFACE_CURVE('',#1091,(#1095,#1101),.PCURVE_S1.);
#1091 = LINE('',#1092,#1093);
#1092 = CARTESIAN_POINT('',(-46.1,-43.29963563511,0.3));
#1093 = VECTOR('',#1094,1.);
#1094 = DIRECTION('',(0.707106781187,0.,-0.707106781187));
#1095 = PCURVE('',#181,#1096);
#1096 = DEFINITIONAL_REPRESENTATION('',(#1097),#1100);
#1097 = B_SPLINE_CURVE_WITH_KNOTS('',1,(#1098,#1099),.UNSPECIFIED.,.F.,
  .F.,(2,2),(-0.424264068712,0.424264068712),.PIECEWISE_BEZIER_KNOTS.);
#1098 = CARTESIAN_POINT('',(-82.10793247911,-0.424264068712));
#1099 = CARTESIAN_POINT('',(-82.10793247911,0.424264068712));
#1100 = ( GEOMETRIC_REPRESENTATION_CONTEXT(2) 
PARAMETRIC_REPRESENTATION_CONTEXT() REPRESENTATION_CONTEXT('2D SPACE',''
  ) );
#1101 = PCURVE('',#1102,#1107);
#1102 = CONICAL_SURFACE('',#1103,6.,0.785398163397);
#1103 = AXIS2_PLACEMENT_3D('',#1104,#1105,#1106);
#1104 = CARTESIAN_POINT('',(-40.4,-43.29963563511,0.6));
#1105 = DIRECTION('',(0.,0.,1.));
#1106 = DIRECTION('',(-1.,0.,0.));
#1107 = DEFINITIONAL_REPRESENTATION('',(#1108),#1111);
#1108 = B_SPLINE_CURVE_WITH_KNOTS('',1,(#1109,#1110),.UNSPECIFIED.,.F.,
  .F.,(2,2),(-0.424264068712,0.424264068712),.PIECEWISE_BEZIER_KNOTS.);
#1109 = CARTESIAN_POINT('',(0.,0.));
#1110 = CARTESIAN_POINT('',(0.,-0.6));
#1111 = ( GEOMETRIC_REPRESENTATION_CONTEXT(2) 
PARAMETRIC_REPRESENTATION_CONTEXT() REPRESENTATION_CONTEXT('2D SPACE',''
  ) );
#1112 = ORIENTED_EDGE('',*,*,#1113,.F.);
#1113 = EDGE_CURVE('',#1066,#1088,#1114,.T.);
#1114 = SURFACE_CURVE('',#1115,(#1119,#1126),.PCURVE_S1.);
#1115 = LINE('',#1116,#1117);
#1116 = CARTESIAN_POINT('',(-45.8,38.808296844003,6.661338147751E-16));
#1117 = VECTOR('',#1118,1.);
#1118 = DIRECTION('',(0.,-1.,3.380376874389E-18));
#1119 = PCURVE('',#181,#1120);
#1120 = DEFINITIONAL_REPRESENTATION('',(#1121),#1125);
#1121 = LINE('',#1122,#1123);
#1122 = CARTESIAN_POINT('',(-0.,0.424264068712));
#1123 = VECTOR('',#1124,1.);
#1124 = DIRECTION('',(-1.,-2.390287410847E-18));
#1125 = ( GEOMETRIC_REPRESENTATION_CONTEXT(2) 
PARAMETRIC_REPRESENTATION_CONTEXT() REPRESENTATION_CONTEXT('2D SPACE',''
  ) );
#1126 = PCURVE('',#1127,#1132);
#1127 = PLANE('',#1128);
#1128 = AXIS2_PLACEMENT_3D('',#1129,#1130,#1131);
#1129 = CARTESIAN_POINT('',(0.,-2.245669395556,0.));
#1130 = DIRECTION('',(0.,0.,1.));
#1131 = DIRECTION('',(1.,0.,-0.));
#1132 = DEFINITIONAL_REPRESENTATION('',(#1133),#1137);
#1133 = LINE('',#1134,#1135);
#1134 = CARTESIAN_POINT('',(-45.8,41.053966239559));
#1135 = VECTOR('',#1136,1.);
#1136 = DIRECTION('',(0.,-1.));
#1137 = ( GEOMETRIC_REPRESENTATION_CONTEXT(2) 
PARAMETRIC_REPRESENTATION_CONTEXT() REPRESENTATION_CONTEXT('2D SPACE',''
  ) );
#1138 = ADVANCED_FACE('',(#1139),#153,.T.);
#1139 = FACE_BOUND('',#1140,.F.);
#1140 = EDGE_LOOP('',(#1141,#1171,#1193,#1194));
#1141 = ORIENTED_EDGE('',*,*,#1142,.F.);
#1142 = EDGE_CURVE('',#1143,#1145,#1147,.T.);
#1143 = VERTEX_POINT('',#1144);
#1144 = CARTESIAN_POINT('',(-40.4,-49.29963563511,0.6));
#1145 = VERTEX_POINT('',#1146);
#1146 = CARTESIAN_POINT('',(-40.4,-49.29963563511,6.));
#1147 = SURFACE_CURVE('',#1148,(#1152,#1159),.PCURVE_S1.);
#1148 = LINE('',#1149,#1150);
#1149 = CARTESIAN_POINT('',(-40.4,-49.29963563511,0.));
#1150 = VECTOR('',#1151,1.);
#1151 = DIRECTION('',(0.,0.,1.));
#1152 = PCURVE('',#153,#1153);
#1153 = DEFINITIONAL_REPRESENTATION('',(#1154),#1158);
#1154 = LINE('',#1155,#1156);
#1155 = CARTESIAN_POINT('',(-0.,0.));
#1156 = VECTOR('',#1157,1.);
#1157 = DIRECTION('',(-0.,1.));
#1158 = ( GEOMETRIC_REPRESENTATION_CONTEXT(2) 
PARAMETRIC_REPRESENTATION_CONTEXT() REPRESENTATION_CONTEXT('2D SPACE',''
  ) );
#1159 = PCURVE('',#1160,#1165);
#1160 = PLANE('',#1161);
#1161 = AXIS2_PLACEMENT_3D('',#1162,#1163,#1164);
#1162 = CARTESIAN_POINT('',(0.,-49.29963563511,6.));
#1163 = DIRECTION('',(-0.,1.,0.));
#1164 = DIRECTION('',(0.,0.,-1.));
#1165 = DEFINITIONAL_REPRESENTATION('',(#1166),#1170);
#1166 = LINE('',#1167,#1168);
#1167 = CARTESIAN_POINT('',(6.,40.4));
#1168 = VECTOR('',#1169,1.);
#1169 = DIRECTION('',(-1.,0.));
#1170 = ( GEOMETRIC_REPRESENTATION_CONTEXT(2) 
PARAMETRIC_REPRESENTATION_CONTEXT() REPRESENTATION_CONTEXT('2D SPACE',''
  ) );
#1171 = ORIENTED_EDGE('',*,*,#1172,.F.);
#1172 = EDGE_CURVE('',#138,#1143,#1173,.T.);
#1173 = SURFACE_CURVE('',#1174,(#1179,#1186),.PCURVE_S1.);
#1174 = CIRCLE('',#1175,6.);
#1175 = AXIS2_PLACEMENT_3D('',#1176,#1177,#1178);
#1176 = CARTESIAN_POINT('',(-40.4,-43.29963563511,0.6));
#1177 = DIRECTION('',(0.,0.,1.));
#1178 = DIRECTION('',(-1.,0.,0.));
#1179 = PCURVE('',#153,#1180);
#1180 = DEFINITIONAL_REPRESENTATION('',(#1181),#1185);
#1181 = LINE('',#1182,#1183);
#1182 = CARTESIAN_POINT('',(-1.570796326795,0.6));
#1183 = VECTOR('',#1184,1.);
#1184 = DIRECTION('',(1.,-0.));
#1185 = ( GEOMETRIC_REPRESENTATION_CONTEXT(2) 
PARAMETRIC_REPRESENTATION_CONTEXT() REPRESENTATION_CONTEXT('2D SPACE',''
  ) );
#1186 = PCURVE('',#1102,#1187);
#1187 = DEFINITIONAL_REPRESENTATION('',(#1188),#1192);
#1188 = LINE('',#1189,#1190);
#1189 = CARTESIAN_POINT('',(0.,-0.));
#1190 = VECTOR('',#1191,1.);
#1191 = DIRECTION('',(1.,-0.));
#1192 = ( GEOMETRIC_REPRESENTATION_CONTEXT(2) 
PARAMETRIC_REPRESENTATION_CONTEXT() REPRESENTATION_CONTEXT('2D SPACE',''
  ) );
#1193 = ORIENTED_EDGE('',*,*,#137,.T.);
#1194 = ORIENTED_EDGE('',*,*,#1195,.F.);
#1195 = EDGE_CURVE('',#1145,#110,#1196,.T.);
#1196 = SURFACE_CURVE('',#1197,(#1202,#1215),.PCURVE_S1.);
#1197 = ELLIPSE('',#1198,6.631162668726,6.);
#1198 = AXIS2_PLACEMENT_3D('',#1199,#1200,#1201);
#1199 = CARTESIAN_POINT('',(-40.4,-43.29963563511,8.823529411765));
#1200 = DIRECTION('',(0.,0.42579703633,-0.904818702201));
#1201 = DIRECTION('',(0.,0.904818702201,0.42579703633));
#1202 = PCURVE('',#153,#1203);
#1203 = DEFINITIONAL_REPRESENTATION('',(#1204),#1214);
#1204 = B_SPLINE_CURVE_WITH_KNOTS('',8,(#1205,#1206,#1207,#1208,#1209,
    #1210,#1211,#1212,#1213),.UNSPECIFIED.,.F.,.F.,(9,9),(3.14159265359,
    4.712388980385),.PIECEWISE_BEZIER_KNOTS.);
#1205 = CARTESIAN_POINT('',(0.,6.));
#1206 = CARTESIAN_POINT('',(-0.196349540849,6.));
#1207 = CARTESIAN_POINT('',(-0.392699081699,6.124406896896));
#1208 = CARTESIAN_POINT('',(-0.589048622546,6.373219633868));
#1209 = CARTESIAN_POINT('',(-0.785398163396,6.736210586598));
#1210 = CARTESIAN_POINT('',(-0.981747704246,7.192903733034));
#1211 = CARTESIAN_POINT('',(-1.178097245097,7.714731872977));
#1212 = CARTESIAN_POINT('',(-1.374446785946,8.26913070819));
#1213 = CARTESIAN_POINT('',(-1.570796326795,8.823529411765));
#1214 = ( GEOMETRIC_REPRESENTATION_CONTEXT(2) 
PARAMETRIC_REPRESENTATION_CONTEXT() REPRESENTATION_CONTEXT('2D SPACE',''
  ) );
#1215 = PCURVE('',#125,#1216);
#1216 = DEFINITIONAL_REPRESENTATION('',(#1217),#1221);
#1217 = ELLIPSE('',#1218,6.631162668726,6.);
#1218 = AXIS2_PLACEMENT_2D('',#1219,#1220);
#1219 = CARTESIAN_POINT('',(12.15713155933,40.4));
#1220 = DIRECTION('',(-1.,0.));
#1221 = ( GEOMETRIC_REPRESENTATION_CONTEXT(2) 
PARAMETRIC_REPRESENTATION_CONTEXT() REPRESENTATION_CONTEXT('2D SPACE',''
  ) );
#1222 = ADVANCED_FACE('',(#1223),#125,.F.);
#1223 = FACE_BOUND('',#1224,.F.);
#1224 = EDGE_LOOP('',(#1225,#1246,#1269,#1304,#1332,#1387,#1412,#1467,
    #1488,#1489));
#1225 = ORIENTED_EDGE('',*,*,#1226,.F.);
#1226 = EDGE_CURVE('',#1227,#83,#1229,.T.);
#1227 = VERTEX_POINT('',#1228);
#1228 = CARTESIAN_POINT('',(46.4,-33.29963563511,13.529411764706));
#1229 = SURFACE_CURVE('',#1230,(#1234,#1240),.PCURVE_S1.);
#1230 = LINE('',#1231,#1232);
#1231 = CARTESIAN_POINT('',(-23.7,-33.29963563511,13.529411764706));
#1232 = VECTOR('',#1233,1.);
#1233 = DIRECTION('',(-1.,0.,0.));
#1234 = PCURVE('',#125,#1235);
#1235 = DEFINITIONAL_REPRESENTATION('',(#1236),#1239);
#1236 = B_SPLINE_CURVE_WITH_KNOTS('',1,(#1237,#1238),.UNSPECIFIED.,.F.,
  .F.,(2,2),(-70.1,22.7),.PIECEWISE_BEZIER_KNOTS.);
#1237 = CARTESIAN_POINT('',(1.105193778121,-46.4));
#1238 = CARTESIAN_POINT('',(1.105193778121,46.4));
#1239 = ( GEOMETRIC_REPRESENTATION_CONTEXT(2) 
PARAMETRIC_REPRESENTATION_CONTEXT() REPRESENTATION_CONTEXT('2D SPACE',''
  ) );
#1240 = PCURVE('',#98,#1241);
#1241 = DEFINITIONAL_REPRESENTATION('',(#1242),#1245);
#1242 = B_SPLINE_CURVE_WITH_KNOTS('',1,(#1243,#1244),.UNSPECIFIED.,.F.,
  .F.,(2,2),(-70.1,22.7),.PIECEWISE_BEZIER_KNOTS.);
#1243 = CARTESIAN_POINT('',(14.529411764706,93.8));
#1244 = CARTESIAN_POINT('',(14.529411764706,1.));
#1245 = ( GEOMETRIC_REPRESENTATION_CONTEXT(2) 
PARAMETRIC_REPRESENTATION_CONTEXT() REPRESENTATION_CONTEXT('2D SPACE',''
  ) );
#1246 = ORIENTED_EDGE('',*,*,#1247,.T.);
#1247 = EDGE_CURVE('',#1227,#1248,#1250,.T.);
#1248 = VERTEX_POINT('',#1249);
#1249 = CARTESIAN_POINT('',(46.4,-43.29963563511,8.823529411765));
#1250 = SURFACE_CURVE('',#1251,(#1255,#1262),.PCURVE_S1.);
#1251 = LINE('',#1252,#1253);
#1252 = CARTESIAN_POINT('',(46.4,-32.29963563511,14.));
#1253 = VECTOR('',#1254,1.);
#1254 = DIRECTION('',(0.,-0.904818702201,-0.42579703633));
#1255 = PCURVE('',#125,#1256);
#1256 = DEFINITIONAL_REPRESENTATION('',(#1257),#1261);
#1257 = LINE('',#1258,#1259);
#1258 = CARTESIAN_POINT('',(0.,-46.4));
#1259 = VECTOR('',#1260,1.);
#1260 = DIRECTION('',(1.,0.));
#1261 = ( GEOMETRIC_REPRESENTATION_CONTEXT(2) 
PARAMETRIC_REPRESENTATION_CONTEXT() REPRESENTATION_CONTEXT('2D SPACE',''
  ) );
#1262 = PCURVE('',#372,#1263);
#1263 = DEFINITIONAL_REPRESENTATION('',(#1264),#1268);
#1264 = LINE('',#1265,#1266);
#1265 = CARTESIAN_POINT('',(357.53644280568,-194.8540774354));
#1266 = VECTOR('',#1267,1.);
#1267 = DIRECTION('',(-0.867775199514,0.496956942912));
#1268 = ( GEOMETRIC_REPRESENTATION_CONTEXT(2) 
PARAMETRIC_REPRESENTATION_CONTEXT() REPRESENTATION_CONTEXT('2D SPACE',''
  ) );
#1269 = ORIENTED_EDGE('',*,*,#1270,.T.);
#1270 = EDGE_CURVE('',#1248,#1271,#1273,.T.);
#1271 = VERTEX_POINT('',#1272);
#1272 = CARTESIAN_POINT('',(40.4,-49.29963563511,6.));
#1273 = SURFACE_CURVE('',#1274,(#1279,#1286),.PCURVE_S1.);
#1274 = ELLIPSE('',#1275,6.631162668726,6.);
#1275 = AXIS2_PLACEMENT_3D('',#1276,#1277,#1278);
#1276 = CARTESIAN_POINT('',(40.4,-43.29963563511,8.823529411765));
#1277 = DIRECTION('',(0.,0.42579703633,-0.904818702201));
#1278 = DIRECTION('',(0.,0.904818702201,0.42579703633));
#1279 = PCURVE('',#125,#1280);
#1280 = DEFINITIONAL_REPRESENTATION('',(#1281),#1285);
#1281 = ELLIPSE('',#1282,6.631162668726,6.);
#1282 = AXIS2_PLACEMENT_2D('',#1283,#1284);
#1283 = CARTESIAN_POINT('',(12.15713155933,-40.4));
#1284 = DIRECTION('',(-1.,0.));
#1285 = ( GEOMETRIC_REPRESENTATION_CONTEXT(2) 
PARAMETRIC_REPRESENTATION_CONTEXT() REPRESENTATION_CONTEXT('2D SPACE',''
  ) );
#1286 = PCURVE('',#1287,#1292);
#1287 = CYLINDRICAL_SURFACE('',#1288,6.);
#1288 = AXIS2_PLACEMENT_3D('',#1289,#1290,#1291);
#1289 = CARTESIAN_POINT('',(40.4,-43.29963563511,0.));
#1290 = DIRECTION('',(0.,0.,1.));
#1291 = DIRECTION('',(0.,-1.,0.));
#1292 = DEFINITIONAL_REPRESENTATION('',(#1293),#1303);
#1293 = B_SPLINE_CURVE_WITH_KNOTS('',8,(#1294,#1295,#1296,#1297,#1298,
    #1299,#1300,#1301,#1302),.UNSPECIFIED.,.F.,.F.,(9,9),(1.570796326795
    ,3.14159265359),.PIECEWISE_BEZIER_KNOTS.);
#1294 = CARTESIAN_POINT('',(1.570796326795,8.823529411765));
#1295 = CARTESIAN_POINT('',(1.374446785946,8.26913070819));
#1296 = CARTESIAN_POINT('',(1.178097245096,7.714731872984));
#1297 = CARTESIAN_POINT('',(0.981747704245,7.192903733026));
#1298 = CARTESIAN_POINT('',(0.785398163395,6.736210586612));
#1299 = CARTESIAN_POINT('',(0.589048622547,6.373219633839));
#1300 = CARTESIAN_POINT('',(0.392699081698,6.124406896903));
#1301 = CARTESIAN_POINT('',(0.196349540849,6.));
#1302 = CARTESIAN_POINT('',(0.,6.));
#1303 = ( GEOMETRIC_REPRESENTATION_CONTEXT(2) 
PARAMETRIC_REPRESENTATION_CONTEXT() REPRESENTATION_CONTEXT('2D SPACE',''
  ) );
#1304 = ORIENTED_EDGE('',*,*,#1305,.T.);
#1305 = EDGE_CURVE('',#1271,#1306,#1308,.T.);
#1306 = VERTEX_POINT('',#1307);
#1307 = CARTESIAN_POINT('',(6.071428571429,-49.29963563511,6.));
#1308 = SURFACE_CURVE('',#1309,(#1313,#1320),.PCURVE_S1.);
#1309 = LINE('',#1310,#1311);
#1310 = CARTESIAN_POINT('',(46.4,-49.29963563511,6.));
#1311 = VECTOR('',#1312,1.);
#1312 = DIRECTION('',(-1.,0.,0.));
#1313 = PCURVE('',#125,#1314);
#1314 = DEFINITIONAL_REPRESENTATION('',(#1315),#1319);
#1315 = LINE('',#1316,#1317);
#1316 = CARTESIAN_POINT('',(18.788294228056,-46.4));
#1317 = VECTOR('',#1318,1.);
#1318 = DIRECTION('',(-0.,1.));
#1319 = ( GEOMETRIC_REPRESENTATION_CONTEXT(2) 
PARAMETRIC_REPRESENTATION_CONTEXT() REPRESENTATION_CONTEXT('2D SPACE',''
  ) );
#1320 = PCURVE('',#1321,#1326);
#1321 = PLANE('',#1322);
#1322 = AXIS2_PLACEMENT_3D('',#1323,#1324,#1325);
#1323 = CARTESIAN_POINT('',(0.,-49.29963563511,6.));
#1324 = DIRECTION('',(-0.,1.,0.));
#1325 = DIRECTION('',(0.,0.,-1.));
#1326 = DEFINITIONAL_REPRESENTATION('',(#1327),#1331);
#1327 = LINE('',#1328,#1329);
#1328 = CARTESIAN_POINT('',(0.,-46.4));
#1329 = VECTOR('',#1330,1.);
#1330 = DIRECTION('',(0.,1.));
#1331 = ( GEOMETRIC_REPRESENTATION_CONTEXT(2) 
PARAMETRIC_REPRESENTATION_CONTEXT() REPRESENTATION_CONTEXT('2D SPACE',''
  ) );
#1332 = ORIENTED_EDGE('',*,*,#1333,.T.);
#1333 = EDGE_CURVE('',#1306,#1334,#1336,.T.);
#1334 = VERTEX_POINT('',#1335);
#1335 = CARTESIAN_POINT('',(5.084112149533,-46.99589731735,
    7.084112149533));
#1336 = SURFACE_CURVE('',#1337,(#1350,#1366),.PCURVE_S1.);
#1337 = B_SPLINE_CURVE_WITH_KNOTS('',6,(#1338,#1339,#1340,#1341,#1342,
    #1343,#1344,#1345,#1346,#1347,#1348,#1349),.UNSPECIFIED.,.F.,.F.,(7,
    5,7),(0.,1.323855197368E-02,1.),.UNSPECIFIED.);
#1338 = CARTESIAN_POINT('',(6.071428571429,-49.29963563511,6.));
#1339 = CARTESIAN_POINT('',(6.070764421248,-49.29808595136,
    6.000729262943));
#1340 = CARTESIAN_POINT('',(6.064054635023,-49.2824297835,6.008096871347
    ));
#1341 = CARTESIAN_POINT('',(6.05689382706,-49.26572123158,6.015959719306
    ));
#1342 = CARTESIAN_POINT('',(6.050868061288,-49.25166111145,
    6.022576246429));
#1343 = CARTESIAN_POINT('',(6.046408210536,-49.24125479303,6.02747333745
    ));
#1344 = CARTESIAN_POINT('',(5.876593536643,-48.84502055394,
    6.213936508784));
#1345 = CARTESIAN_POINT('',(5.711783880824,-48.46046469037,
    6.394903973997));
#1346 = CARTESIAN_POINT('',(5.549939602131,-48.08282804008,
    6.572615338836));
#1347 = CARTESIAN_POINT('',(5.391260359358,-47.71257647361,
    6.746851370117));
#1348 = CARTESIAN_POINT('',(5.235930433323,-47.35013997953,
    6.917409720273));
#1349 = CARTESIAN_POINT('',(5.084112149533,-46.99589731735,
    7.084112149533));
#1350 = PCURVE('',#125,#1351);
#1351 = DEFINITIONAL_REPRESENTATION('',(#1352),#1365);
#1352 = B_SPLINE_CURVE_WITH_KNOTS('',6,(#1353,#1354,#1355,#1356,#1357,
    #1358,#1359,#1360,#1361,#1362,#1363,#1364),.UNSPECIFIED.,.F.,.F.,(7,
    5,7),(0.,1.323855197368E-02,1.),.UNSPECIFIED.);
#1353 = CARTESIAN_POINT('',(18.788294228056,-6.071428571429));
#1354 = CARTESIAN_POINT('',(18.786581527213,-6.070764421248));
#1355 = CARTESIAN_POINT('',(18.769278427906,-6.064054635023));
#1356 = CARTESIAN_POINT('',(18.750812240291,-6.05689382706));
#1357 = CARTESIAN_POINT('',(18.735273082998,-6.050868061288));
#1358 = CARTESIAN_POINT('',(18.723772084626,-6.046408210536));
#1359 = CARTESIAN_POINT('',(18.285856468911,-5.876593536643));
#1360 = CARTESIAN_POINT('',(17.860847721146,-5.711783880824));
#1361 = CARTESIAN_POINT('',(17.443486044862,-5.549939602131));
#1362 = CARTESIAN_POINT('',(17.034286317259,-5.391260359358));
#1363 = CARTESIAN_POINT('',(16.633723759034,-5.235930433323));
#1364 = CARTESIAN_POINT('',(16.242216972852,-5.084112149533));
#1365 = ( GEOMETRIC_REPRESENTATION_CONTEXT(2) 
PARAMETRIC_REPRESENTATION_CONTEXT() REPRESENTATION_CONTEXT('2D SPACE',''
  ) );
#1366 = PCURVE('',#1367,#1372);
#1367 = B_SPLINE_SURFACE_WITH_KNOTS('',1,1,(
    (#1368,#1369)
    ,(#1370,#1371
    )),.UNSPECIFIED.,.F.,.F.,.F.,(2,2),(2,2),(0.,17.),(0.,1.),
  .PIECEWISE_BEZIER_KNOTS.);
#1368 = CARTESIAN_POINT('',(6.5,-50.29963563511,-8.5));
#1369 = CARTESIAN_POINT('',(3.5,-43.29963563511,-5.5));
#1370 = CARTESIAN_POINT('',(6.5,-50.29963563511,8.5));
#1371 = CARTESIAN_POINT('',(3.5,-43.29963563511,5.5));
#1372 = DEFINITIONAL_REPRESENTATION('',(#1373),#1386);
#1373 = B_SPLINE_CURVE_WITH_KNOTS('',6,(#1374,#1375,#1376,#1377,#1378,
    #1379,#1380,#1381,#1382,#1383,#1384,#1385),.UNSPECIFIED.,.F.,.F.,(7,
    5,7),(0.,1.323855197368E-02,1.),.UNSPECIFIED.);
#1374 = CARTESIAN_POINT('',(14.818584252602,0.142857142857));
#1375 = CARTESIAN_POINT('',(14.819872156446,0.143078526251));
#1376 = CARTESIAN_POINT('',(14.832879332487,0.145315121659));
#1377 = CARTESIAN_POINT('',(14.846796594152,0.147702057647));
#1378 = CARTESIAN_POINT('',(14.858549647361,0.149710646237));
#1379 = CARTESIAN_POINT('',(14.867252587829,0.151197263155));
#1380 = CARTESIAN_POINT('',(15.198789400828,0.207802154452));
#1381 = CARTESIAN_POINT('',(15.53691000183,0.262738706392));
#1382 = CARTESIAN_POINT('',(15.886121038191,0.31668679929));
#1383 = CARTESIAN_POINT('',(16.246451231963,0.369579880214));
#1384 = CARTESIAN_POINT('',(16.617817165543,0.421356522226));
#1385 = CARTESIAN_POINT('',(17.,0.471962616822));
#1386 = ( GEOMETRIC_REPRESENTATION_CONTEXT(2) 
PARAMETRIC_REPRESENTATION_CONTEXT() REPRESENTATION_CONTEXT('2D SPACE',''
  ) );
#1387 = ORIENTED_EDGE('',*,*,#1388,.F.);
#1388 = EDGE_CURVE('',#1389,#1334,#1391,.T.);
#1389 = VERTEX_POINT('',#1390);
#1390 = CARTESIAN_POINT('',(-5.084112149533,-46.99589731735,
    7.084112149533));
#1391 = SURFACE_CURVE('',#1392,(#1395,#1401),.PCURVE_S1.);
#1392 = B_SPLINE_CURVE_WITH_KNOTS('',1,(#1393,#1394),.UNSPECIFIED.,.F.,
  .F.,(2,2),(0.,1.),.PIECEWISE_BEZIER_KNOTS.);
#1393 = CARTESIAN_POINT('',(-5.084112149533,-46.99589731735,
    7.084112149533));
#1394 = CARTESIAN_POINT('',(5.084112149533,-46.99589731735,
    7.084112149533));
#1395 = PCURVE('',#125,#1396);
#1396 = DEFINITIONAL_REPRESENTATION('',(#1397),#1400);
#1397 = B_SPLINE_CURVE_WITH_KNOTS('',1,(#1398,#1399),.UNSPECIFIED.,.F.,
  .F.,(2,2),(0.,1.),.PIECEWISE_BEZIER_KNOTS.);
#1398 = CARTESIAN_POINT('',(16.242216972852,5.084112149533));
#1399 = CARTESIAN_POINT('',(16.242216972852,-5.084112149533));
#1400 = ( GEOMETRIC_REPRESENTATION_CONTEXT(2) 
PARAMETRIC_REPRESENTATION_CONTEXT() REPRESENTATION_CONTEXT('2D SPACE',''
  ) );
#1401 = PCURVE('',#1402,#1407);
#1402 = B_SPLINE_SURFACE_WITH_KNOTS('',1,1,(
    (#1403,#1404)
    ,(#1405,#1406
    )),.UNSPECIFIED.,.F.,.F.,.F.,(2,2),(2,2),(0.,13.),(0.,1.),
  .PIECEWISE_BEZIER_KNOTS.);
#1403 = CARTESIAN_POINT('',(6.5,-50.29963563511,8.5));
#1404 = CARTESIAN_POINT('',(3.5,-43.29963563511,5.5));
#1405 = CARTESIAN_POINT('',(-6.5,-50.29963563511,8.5));
#1406 = CARTESIAN_POINT('',(-3.5,-43.29963563511,5.5));
#1407 = DEFINITIONAL_REPRESENTATION('',(#1408),#1411);
#1408 = B_SPLINE_CURVE_WITH_KNOTS('',1,(#1409,#1410),.UNSPECIFIED.,.F.,
  .F.,(2,2),(0.,1.),.PIECEWISE_BEZIER_KNOTS.);
#1409 = CARTESIAN_POINT('',(13.,0.471962616822));
#1410 = CARTESIAN_POINT('',(0.,0.471962616822));
#1411 = ( GEOMETRIC_REPRESENTATION_CONTEXT(2) 
PARAMETRIC_REPRESENTATION_CONTEXT() REPRESENTATION_CONTEXT('2D SPACE',''
  ) );
#1412 = ORIENTED_EDGE('',*,*,#1413,.F.);
#1413 = EDGE_CURVE('',#1414,#1389,#1416,.T.);
#1414 = VERTEX_POINT('',#1415);
#1415 = CARTESIAN_POINT('',(-6.071428571429,-49.29963563511,6.));
#1416 = SURFACE_CURVE('',#1417,(#1430,#1446),.PCURVE_S1.);
#1417 = B_SPLINE_CURVE_WITH_KNOTS('',6,(#1418,#1419,#1420,#1421,#1422,
    #1423,#1424,#1425,#1426,#1427,#1428,#1429),.UNSPECIFIED.,.F.,.F.,(7,
    5,7),(0.,1.323855197365E-02,1.),.UNSPECIFIED.);
#1418 = CARTESIAN_POINT('',(-6.071428571429,-49.29963563511,6.));
#1419 = CARTESIAN_POINT('',(-6.070764421248,-49.29808595136,
    6.000729262943));
#1420 = CARTESIAN_POINT('',(-6.064054635023,-49.2824297835,
    6.008096871347));
#1421 = CARTESIAN_POINT('',(-6.05689382706,-49.26572123158,
    6.015959719306));
#1422 = CARTESIAN_POINT('',(-6.050868061288,-49.25166111145,
    6.022576246429));
#1423 = CARTESIAN_POINT('',(-6.046408210536,-49.24125479303,
    6.02747333745));
#1424 = CARTESIAN_POINT('',(-5.876593536643,-48.84502055394,
    6.213936508784));
#1425 = CARTESIAN_POINT('',(-5.711783880824,-48.46046469037,
    6.394903973997));
#1426 = CARTESIAN_POINT('',(-5.549939602131,-48.08282804008,
    6.572615338836));
#1427 = CARTESIAN_POINT('',(-5.391260359358,-47.71257647361,
    6.746851370117));
#1428 = CARTESIAN_POINT('',(-5.235930433322,-47.35013997953,
    6.917409720273));
#1429 = CARTESIAN_POINT('',(-5.084112149533,-46.99589731735,
    7.084112149533));
#1430 = PCURVE('',#125,#1431);
#1431 = DEFINITIONAL_REPRESENTATION('',(#1432),#1445);
#1432 = B_SPLINE_CURVE_WITH_KNOTS('',6,(#1433,#1434,#1435,#1436,#1437,
    #1438,#1439,#1440,#1441,#1442,#1443,#1444),.UNSPECIFIED.,.F.,.F.,(7,
    5,7),(0.,1.323855197365E-02,1.),.UNSPECIFIED.);
#1433 = CARTESIAN_POINT('',(18.788294228056,6.071428571429));
#1434 = CARTESIAN_POINT('',(18.786581527213,6.070764421248));
#1435 = CARTESIAN_POINT('',(18.769278427906,6.064054635023));
#1436 = CARTESIAN_POINT('',(18.750812240291,6.05689382706));
#1437 = CARTESIAN_POINT('',(18.735273082998,6.050868061288));
#1438 = CARTESIAN_POINT('',(18.723772084626,6.046408210536));
#1439 = CARTESIAN_POINT('',(18.285856468911,5.876593536643));
#1440 = CARTESIAN_POINT('',(17.860847721146,5.711783880824));
#1441 = CARTESIAN_POINT('',(17.443486044862,5.549939602131));
#1442 = CARTESIAN_POINT('',(17.034286317259,5.391260359358));
#1443 = CARTESIAN_POINT('',(16.633723759034,5.235930433322));
#1444 = CARTESIAN_POINT('',(16.242216972852,5.084112149533));
#1445 = ( GEOMETRIC_REPRESENTATION_CONTEXT(2) 
PARAMETRIC_REPRESENTATION_CONTEXT() REPRESENTATION_CONTEXT('2D SPACE',''
  ) );
#1446 = PCURVE('',#1447,#1452);
#1447 = B_SPLINE_SURFACE_WITH_KNOTS('',1,1,(
    (#1448,#1449)
    ,(#1450,#1451
    )),.UNSPECIFIED.,.F.,.F.,.F.,(2,2),(2,2),(0.,17.),(0.,1.),
  .PIECEWISE_BEZIER_KNOTS.);
#1448 = CARTESIAN_POINT('',(-6.5,-50.29963563511,8.5));
#1449 = CARTESIAN_POINT('',(-3.5,-43.29963563511,5.5));
#1450 = CARTESIAN_POINT('',(-6.5,-50.29963563511,-8.5));
#1451 = CARTESIAN_POINT('',(-3.5,-43.29963563511,-5.5));
#1452 = DEFINITIONAL_REPRESENTATION('',(#1453),#1466);
#1453 = B_SPLINE_CURVE_WITH_KNOTS('',6,(#1454,#1455,#1456,#1457,#1458,
    #1459,#1460,#1461,#1462,#1463,#1464,#1465),.UNSPECIFIED.,.F.,.F.,(7,
    5,7),(0.,1.323855197365E-02,1.),.UNSPECIFIED.);
#1454 = CARTESIAN_POINT('',(2.181415747398,0.142857142857));
#1455 = CARTESIAN_POINT('',(2.180127843554,0.143078526251));
#1456 = CARTESIAN_POINT('',(2.167120667513,0.145315121659));
#1457 = CARTESIAN_POINT('',(2.153203405848,0.147702057647));
#1458 = CARTESIAN_POINT('',(2.141450352639,0.149710646237));
#1459 = CARTESIAN_POINT('',(2.132747412172,0.151197263155));
#1460 = CARTESIAN_POINT('',(1.801210599172,0.207802154452));
#1461 = CARTESIAN_POINT('',(1.46308999817,0.262738706392));
#1462 = CARTESIAN_POINT('',(1.113878961809,0.31668679929));
#1463 = CARTESIAN_POINT('',(0.753548768037,0.369579880214));
#1464 = CARTESIAN_POINT('',(0.382182834457,0.421356522226));
#1465 = CARTESIAN_POINT('',(0.,0.471962616822));
#1466 = ( GEOMETRIC_REPRESENTATION_CONTEXT(2) 
PARAMETRIC_REPRESENTATION_CONTEXT() REPRESENTATION_CONTEXT('2D SPACE',''
  ) );
#1467 = ORIENTED_EDGE('',*,*,#1468,.T.);
#1468 = EDGE_CURVE('',#1414,#1145,#1469,.T.);
#1469 = SURFACE_CURVE('',#1470,(#1474,#1481),.PCURVE_S1.);
#1470 = LINE('',#1471,#1472);
#1471 = CARTESIAN_POINT('',(46.4,-49.29963563511,6.));
#1472 = VECTOR('',#1473,1.);
#1473 = DIRECTION('',(-1.,0.,0.));
#1474 = PCURVE('',#125,#1475);
#1475 = DEFINITIONAL_REPRESENTATION('',(#1476),#1480);
#1476 = LINE('',#1477,#1478);
#1477 = CARTESIAN_POINT('',(18.788294228056,-46.4));
#1478 = VECTOR('',#1479,1.);
#1479 = DIRECTION('',(-0.,1.));
#1480 = ( GEOMETRIC_REPRESENTATION_CONTEXT(2) 
PARAMETRIC_REPRESENTATION_CONTEXT() REPRESENTATION_CONTEXT('2D SPACE',''
  ) );
#1481 = PCURVE('',#1160,#1482);
#1482 = DEFINITIONAL_REPRESENTATION('',(#1483),#1487);
#1483 = LINE('',#1484,#1485);
#1484 = CARTESIAN_POINT('',(0.,-46.4));
#1485 = VECTOR('',#1486,1.);
#1486 = DIRECTION('',(0.,1.));
#1487 = ( GEOMETRIC_REPRESENTATION_CONTEXT(2) 
PARAMETRIC_REPRESENTATION_CONTEXT() REPRESENTATION_CONTEXT('2D SPACE',''
  ) );
#1488 = ORIENTED_EDGE('',*,*,#1195,.T.);
#1489 = ORIENTED_EDGE('',*,*,#109,.F.);
#1490 = ADVANCED_FACE('',(#1491,#1536,#1589),#98,.F.);
#1491 = FACE_BOUND('',#1492,.F.);
#1492 = EDGE_LOOP('',(#1493,#1515,#1516,#1517));
#1493 = ORIENTED_EDGE('',*,*,#1494,.F.);
#1494 = EDGE_CURVE('',#1227,#1495,#1497,.T.);
#1495 = VERTEX_POINT('',#1496);
#1496 = CARTESIAN_POINT('',(46.4,-33.29963563511,64.04638907013));
#1497 = SURFACE_CURVE('',#1498,(#1502,#1508),.PCURVE_S1.);
#1498 = LINE('',#1499,#1500);
#1499 = CARTESIAN_POINT('',(46.4,-33.29963563511,-84.0565003441));
#1500 = VECTOR('',#1501,1.);
#1501 = DIRECTION('',(0.,0.,1.));
#1502 = PCURVE('',#98,#1503);
#1503 = DEFINITIONAL_REPRESENTATION('',(#1504),#1507);
#1504 = B_SPLINE_CURVE_WITH_KNOTS('',1,(#1505,#1506),.UNSPECIFIED.,.F.,
  .F.,(2,2),(83.056500344104,150.59513945355),.PIECEWISE_BEZIER_KNOTS.);
#1505 = CARTESIAN_POINT('',(0.,93.8));
#1506 = CARTESIAN_POINT('',(67.538639109452,93.8));
#1507 = ( GEOMETRIC_REPRESENTATION_CONTEXT(2) 
PARAMETRIC_REPRESENTATION_CONTEXT() REPRESENTATION_CONTEXT('2D SPACE',''
  ) );
#1508 = PCURVE('',#372,#1509);
#1509 = DEFINITIONAL_REPRESENTATION('',(#1510),#1514);
#1510 = LINE('',#1511,#1512);
#1511 = CARTESIAN_POINT('',(276.63968365663,-250.2778234195));
#1512 = VECTOR('',#1513,1.);
#1513 = DIRECTION('',(0.819152044289,0.573576436351));
#1514 = ( GEOMETRIC_REPRESENTATION_CONTEXT(2) 
PARAMETRIC_REPRESENTATION_CONTEXT() REPRESENTATION_CONTEXT('2D SPACE',''
  ) );
#1515 = ORIENTED_EDGE('',*,*,#1226,.T.);
#1516 = ORIENTED_EDGE('',*,*,#82,.T.);
#1517 = ORIENTED_EDGE('',*,*,#1518,.F.);
#1518 = EDGE_CURVE('',#1495,#57,#1519,.T.);
#1519 = SURFACE_CURVE('',#1520,(#1524,#1530),.PCURVE_S1.);
#1520 = LINE('',#1521,#1522);
#1521 = CARTESIAN_POINT('',(-23.7,-33.29963563511,64.04638907013));
#1522 = VECTOR('',#1523,1.);
#1523 = DIRECTION('',(-1.,0.,0.));
#1524 = PCURVE('',#98,#1525);
#1525 = DEFINITIONAL_REPRESENTATION('',(#1526),#1529);
#1526 = B_SPLINE_CURVE_WITH_KNOTS('',1,(#1527,#1528),.UNSPECIFIED.,.F.,
  .F.,(2,2),(-70.1,22.7),.PIECEWISE_BEZIER_KNOTS.);
#1527 = CARTESIAN_POINT('',(65.04638907013,93.8));
#1528 = CARTESIAN_POINT('',(65.04638907013,1.));
#1529 = ( GEOMETRIC_REPRESENTATION_CONTEXT(2) 
PARAMETRIC_REPRESENTATION_CONTEXT() REPRESENTATION_CONTEXT('2D SPACE',''
  ) );
#1530 = PCURVE('',#71,#1531);
#1531 = DEFINITIONAL_REPRESENTATION('',(#1532),#1535);
#1532 = B_SPLINE_CURVE_WITH_KNOTS('',1,(#1533,#1534),.UNSPECIFIED.,.F.,
  .F.,(2,2),(-70.1,22.7),.PIECEWISE_BEZIER_KNOTS.);
#1533 = CARTESIAN_POINT('',(6.255330254854,-46.4));
#1534 = CARTESIAN_POINT('',(6.255330254854,46.4));
#1535 = ( GEOMETRIC_REPRESENTATION_CONTEXT(2) 
PARAMETRIC_REPRESENTATION_CONTEXT() REPRESENTATION_CONTEXT('2D SPACE',''
  ) );
#1536 = FACE_BOUND('',#1537,.F.);
#1537 = EDGE_LOOP('',(#1538));
#1538 = ORIENTED_EDGE('',*,*,#1539,.F.);
#1539 = EDGE_CURVE('',#1540,#1540,#1542,.T.);
#1540 = VERTEX_POINT('',#1541);
#1541 = CARTESIAN_POINT('',(-30.8,-33.29963563511,59.564851926968));
#1542 = SURFACE_CURVE('',#1543,(#1548,#1555),.PCURVE_S1.);
#1543 = ELLIPSE('',#1544,2.266480834307,1.3);
#1544 = AXIS2_PLACEMENT_3D('',#1545,#1546,#1547);
#1545 = CARTESIAN_POINT('',(-32.1,-33.29963563511,59.564851926968));
#1546 = DIRECTION('',(0.,1.,0.));
#1547 = DIRECTION('',(0.,-0.,1.));
#1548 = PCURVE('',#98,#1549);
#1549 = DEFINITIONAL_REPRESENTATION('',(#1550),#1554);
#1550 = ELLIPSE('',#1551,2.266480834307,1.3);
#1551 = AXIS2_PLACEMENT_2D('',#1552,#1553);
#1552 = CARTESIAN_POINT('',(60.564851926968,15.3));
#1553 = DIRECTION('',(1.,0.));
#1554 = ( GEOMETRIC_REPRESENTATION_CONTEXT(2) 
PARAMETRIC_REPRESENTATION_CONTEXT() REPRESENTATION_CONTEXT('2D SPACE',''
  ) );
#1555 = PCURVE('',#594,#1556);
#1556 = DEFINITIONAL_REPRESENTATION('',(#1557),#1588);
#1557 = B_SPLINE_CURVE_WITH_KNOTS('',8,(#1558,#1559,#1560,#1561,#1562,
    #1563,#1564,#1565,#1566,#1567,#1568,#1569,#1570,#1571,#1572,#1573,
    #1574,#1575,#1576,#1577,#1578,#1579,#1580,#1581,#1582,#1583,#1584,
    #1585,#1586,#1587),.UNSPECIFIED.,.F.,.F.,(9,7,7,7,9),(1.570796326795
    ,3.14159265359,4.319689898686,6.08683576633,7.853981633974),
  .UNSPECIFIED.);
#1558 = CARTESIAN_POINT('',(-6.217248937901E-15,-5.722592026968));
#1559 = CARTESIAN_POINT('',(0.196349540849,-6.087133093974));
#1560 = CARTESIAN_POINT('',(0.392699081699,-6.451672892193));
#1561 = CARTESIAN_POINT('',(0.589048622549,-6.794803905788));
#1562 = CARTESIAN_POINT('',(0.785398163399,-7.095086626521));
#1563 = CARTESIAN_POINT('',(0.981747704248,-7.333781560854));
#1564 = CARTESIAN_POINT('',(1.178097245096,-7.497380181037));
#1565 = CARTESIAN_POINT('',(1.374446785946,-7.579184435733));
#1566 = CARTESIAN_POINT('',(1.718058482432,-7.579184435733));
#1567 = CARTESIAN_POINT('',(1.865320638069,-7.533170181803));
#1568 = CARTESIAN_POINT('',(2.012582793708,-7.441142807477));
#1569 = CARTESIAN_POINT('',(2.159844949344,-7.305227712608));
#1570 = CARTESIAN_POINT('',(2.30710710498,-7.12968823311));
#1571 = CARTESIAN_POINT('',(2.454369260618,-6.920658243233));
#1572 = CARTESIAN_POINT('',(2.601631416254,-6.685673205382));
#1573 = CARTESIAN_POINT('',(2.969786805347,-6.054188148071));
#1574 = CARTESIAN_POINT('',(3.190680038795,-5.635676943759));
#1575 = CARTESIAN_POINT('',(3.411573272286,-5.205719834015));
#1576 = CARTESIAN_POINT('',(3.632466505679,-4.796600389116));
#1577 = CARTESIAN_POINT('',(3.853359739155,-4.440374823076));
#1578 = CARTESIAN_POINT('',(4.074252972618,-4.163232649916));
#1579 = CARTESIAN_POINT('',(4.29514620608,-3.981681759163));
#1580 = CARTESIAN_POINT('',(4.736932672991,-3.821665282325));
#1581 = CARTESIAN_POINT('',(4.957825906444,-3.843199607685));
#1582 = CARTESIAN_POINT('',(5.178719139924,-3.972223566987));
#1583 = CARTESIAN_POINT('',(5.399612373313,-4.204123272742));
#1584 = CARTESIAN_POINT('',(5.620505606804,-4.52275994097));
#1585 = CARTESIAN_POINT('',(5.841398840261,-4.902374399224));
#1586 = CARTESIAN_POINT('',(6.062292073724,-5.312483326587));
#1587 = CARTESIAN_POINT('',(6.28318530718,-5.722592026968));
#1588 = ( GEOMETRIC_REPRESENTATION_CONTEXT(2) 
PARAMETRIC_REPRESENTATION_CONTEXT() REPRESENTATION_CONTEXT('2D SPACE',''
  ) );
#1589 = FACE_BOUND('',#1590,.F.);
#1590 = EDGE_LOOP('',(#1591));
#1591 = ORIENTED_EDGE('',*,*,#1592,.F.);
#1592 = EDGE_CURVE('',#1593,#1593,#1595,.T.);
#1593 = VERTEX_POINT('',#1594);
#1594 = CARTESIAN_POINT('',(33.4,-33.29963563511,59.564851926968));
#1595 = SURFACE_CURVE('',#1596,(#1601,#1608),.PCURVE_S1.);
#1596 = ELLIPSE('',#1597,2.266480834307,1.3);
#1597 = AXIS2_PLACEMENT_3D('',#1598,#1599,#1600);
#1598 = CARTESIAN_POINT('',(32.1,-33.29963563511,59.564851926968));
#1599 = DIRECTION('',(0.,1.,0.));
#1600 = DIRECTION('',(0.,-0.,1.));
#1601 = PCURVE('',#98,#1602);
#1602 = DEFINITIONAL_REPRESENTATION('',(#1603),#1607);
#1603 = ELLIPSE('',#1604,2.266480834307,1.3);
#1604 = AXIS2_PLACEMENT_2D('',#1605,#1606);
#1605 = CARTESIAN_POINT('',(60.564851926968,79.5));
#1606 = DIRECTION('',(1.,0.));
#1607 = ( GEOMETRIC_REPRESENTATION_CONTEXT(2) 
PARAMETRIC_REPRESENTATION_CONTEXT() REPRESENTATION_CONTEXT('2D SPACE',''
  ) );
#1608 = PCURVE('',#625,#1609);
#1609 = DEFINITIONAL_REPRESENTATION('',(#1610),#1641);
#1610 = B_SPLINE_CURVE_WITH_KNOTS('',8,(#1611,#1612,#1613,#1614,#1615,
    #1616,#1617,#1618,#1619,#1620,#1621,#1622,#1623,#1624,#1625,#1626,
    #1627,#1628,#1629,#1630,#1631,#1632,#1633,#1634,#1635,#1636,#1637,
    #1638,#1639,#1640),.UNSPECIFIED.,.F.,.F.,(9,7,7,7,9),(1.570796326795
    ,3.14159265359,4.319689898686,6.08683576633,7.853981633974),
  .UNSPECIFIED.);
#1611 = CARTESIAN_POINT('',(-6.217248937901E-15,-5.722592026968));
#1612 = CARTESIAN_POINT('',(0.196349540849,-6.087133093974));
#1613 = CARTESIAN_POINT('',(0.392699081699,-6.451672892193));
#1614 = CARTESIAN_POINT('',(0.589048622549,-6.794803905788));
#1615 = CARTESIAN_POINT('',(0.785398163399,-7.095086626521));
#1616 = CARTESIAN_POINT('',(0.981747704247,-7.333781560854));
#1617 = CARTESIAN_POINT('',(1.178097245096,-7.497380181037));
#1618 = CARTESIAN_POINT('',(1.374446785946,-7.579184435733));
#1619 = CARTESIAN_POINT('',(1.718058482432,-7.579184435733));
#1620 = CARTESIAN_POINT('',(1.865320638069,-7.533170181803));
#1621 = CARTESIAN_POINT('',(2.012582793708,-7.441142807477));
#1622 = CARTESIAN_POINT('',(2.159844949344,-7.305227712608));
#1623 = CARTESIAN_POINT('',(2.30710710498,-7.12968823311));
#1624 = CARTESIAN_POINT('',(2.454369260618,-6.920658243233));
#1625 = CARTESIAN_POINT('',(2.601631416254,-6.685673205382));
#1626 = CARTESIAN_POINT('',(2.969786805347,-6.054188148071));
#1627 = CARTESIAN_POINT('',(3.190680038788,-5.635676943759));
#1628 = CARTESIAN_POINT('',(3.411573272301,-5.205719834015));
#1629 = CARTESIAN_POINT('',(3.632466505621,-4.796600389116));
#1630 = CARTESIAN_POINT('',(3.853359739184,-4.440374823076));
#1631 = CARTESIAN_POINT('',(4.074252972611,-4.163232649916));
#1632 = CARTESIAN_POINT('',(4.29514620608,-3.981681759163));
#1633 = CARTESIAN_POINT('',(4.736932672991,-3.821665282325));
#1634 = CARTESIAN_POINT('',(4.957825906444,-3.843199607685));
#1635 = CARTESIAN_POINT('',(5.178719139924,-3.972223566987));
#1636 = CARTESIAN_POINT('',(5.399612373313,-4.204123272742));
#1637 = CARTESIAN_POINT('',(5.620505606804,-4.52275994097));
#1638 = CARTESIAN_POINT('',(5.841398840261,-4.902374399224));
#1639 = CARTESIAN_POINT('',(6.062292073724,-5.312483326587));
#1640 = CARTESIAN_POINT('',(6.28318530718,-5.722592026968));
#1641 = ( GEOMETRIC_REPRESENTATION_CONTEXT(2) 
PARAMETRIC_REPRESENTATION_CONTEXT() REPRESENTATION_CONTEXT('2D SPACE',''
  ) );
#1642 = ADVANCED_FACE('',(#1643),#71,.F.);
#1643 = FACE_BOUND('',#1644,.F.);
#1644 = EDGE_LOOP('',(#1645,#1646,#1647,#1648));
#1645 = ORIENTED_EDGE('',*,*,#1518,.T.);
#1646 = ORIENTED_EDGE('',*,*,#56,.T.);
#1647 = ORIENTED_EDGE('',*,*,#335,.F.);
#1648 = ORIENTED_EDGE('',*,*,#1649,.F.);
#1649 = EDGE_CURVE('',#1495,#336,#1650,.T.);
#1650 = SURFACE_CURVE('',#1651,(#1655,#1661),.PCURVE_S1.);
#1651 = LINE('',#1652,#1653);
#1652 = CARTESIAN_POINT('',(46.4,-140.3629510383,-97.37832051906));
#1653 = VECTOR('',#1654,1.);
#1654 = DIRECTION('',(-0.,0.552721597742,0.833365967261));
#1655 = PCURVE('',#71,#1656);
#1656 = DEFINITIONAL_REPRESENTATION('',(#1657),#1660);
#1657 = B_SPLINE_CURVE_WITH_KNOTS('',1,(#1658,#1659),.UNSPECIFIED.,.F.,
  .F.,(2,2),(191.89283689378,199.95739625074),.PIECEWISE_BEZIER_KNOTS.);
#1658 = CARTESIAN_POINT('',(8.064559356964,-46.4));
#1659 = CARTESIAN_POINT('',(0.,-46.4));
#1660 = ( GEOMETRIC_REPRESENTATION_CONTEXT(2) 
PARAMETRIC_REPRESENTATION_CONTEXT() REPRESENTATION_CONTEXT('2D SPACE',''
  ) );
#1661 = PCURVE('',#372,#1662);
#1662 = DEFINITIONAL_REPRESENTATION('',(#1663),#1666);
#1663 = B_SPLINE_CURVE_WITH_KNOTS('',1,(#1664,#1665),.UNSPECIFIED.,.F.,
  .F.,(2,2),(191.89283689378,199.95739625074),.PIECEWISE_BEZIER_KNOTS.);
#1664 = CARTESIAN_POINT('',(396.14981538649,-165.3751537011));
#1665 = CARTESIAN_POINT('',(404.21180634299,-165.1716360379));
#1666 = ( GEOMETRIC_REPRESENTATION_CONTEXT(2) 
PARAMETRIC_REPRESENTATION_CONTEXT() REPRESENTATION_CONTEXT('2D SPACE',''
  ) );
#1667 = ADVANCED_FACE('',(#1668),#372,.T.);
#1668 = FACE_BOUND('',#1669,.T.);
#1669 = EDGE_LOOP('',(#1670,#1671,#1672,#1673,#1674,#1697,#1725,#1753,
    #1781,#1809,#1837));
#1670 = ORIENTED_EDGE('',*,*,#356,.F.);
#1671 = ORIENTED_EDGE('',*,*,#1649,.F.);
#1672 = ORIENTED_EDGE('',*,*,#1494,.F.);
#1673 = ORIENTED_EDGE('',*,*,#1247,.T.);
#1674 = ORIENTED_EDGE('',*,*,#1675,.F.);
#1675 = EDGE_CURVE('',#1676,#1248,#1678,.T.);
#1676 = VERTEX_POINT('',#1677);
#1677 = CARTESIAN_POINT('',(46.4,-43.29963563511,0.6));
#1678 = SURFACE_CURVE('',#1679,(#1683,#1690),.PCURVE_S1.);
#1679 = LINE('',#1680,#1681);
#1680 = CARTESIAN_POINT('',(46.4,-43.29963563511,0.));
#1681 = VECTOR('',#1682,1.);
#1682 = DIRECTION('',(0.,0.,1.));
#1683 = PCURVE('',#372,#1684);
#1684 = DEFINITIONAL_REPRESENTATION('',(#1685),#1689);
#1685 = LINE('',#1686,#1687);
#1686 = CARTESIAN_POINT('',(339.75897338577,-193.8734750571));
#1687 = VECTOR('',#1688,1.);
#1688 = DIRECTION('',(0.819152044289,0.573576436351));
#1689 = ( GEOMETRIC_REPRESENTATION_CONTEXT(2) 
PARAMETRIC_REPRESENTATION_CONTEXT() REPRESENTATION_CONTEXT('2D SPACE',''
  ) );
#1690 = PCURVE('',#1287,#1691);
#1691 = DEFINITIONAL_REPRESENTATION('',(#1692),#1696);
#1692 = LINE('',#1693,#1694);
#1693 = CARTESIAN_POINT('',(1.570796326795,0.));
#1694 = VECTOR('',#1695,1.);
#1695 = DIRECTION('',(0.,1.));
#1696 = ( GEOMETRIC_REPRESENTATION_CONTEXT(2) 
PARAMETRIC_REPRESENTATION_CONTEXT() REPRESENTATION_CONTEXT('2D SPACE',''
  ) );
#1697 = ORIENTED_EDGE('',*,*,#1698,.T.);
#1698 = EDGE_CURVE('',#1676,#1699,#1701,.T.);
#1699 = VERTEX_POINT('',#1700);
#1700 = CARTESIAN_POINT('',(46.4,38.808296844003,0.6));
#1701 = SURFACE_CURVE('',#1702,(#1706,#1713),.PCURVE_S1.);
#1702 = LINE('',#1703,#1704);
#1703 = CARTESIAN_POINT('',(46.4,-43.29963563511,0.6));
#1704 = VECTOR('',#1705,1.);
#1705 = DIRECTION('',(0.,1.,0.));
#1706 = PCURVE('',#372,#1707);
#1707 = DEFINITIONAL_REPRESENTATION('',(#1708),#1712);
#1708 = LINE('',#1709,#1710);
#1709 = CARTESIAN_POINT('',(340.25046461234,-193.5293291953));
#1710 = VECTOR('',#1711,1.);
#1711 = DIRECTION('',(0.573576436351,-0.819152044289));
#1712 = ( GEOMETRIC_REPRESENTATION_CONTEXT(2) 
PARAMETRIC_REPRESENTATION_CONTEXT() REPRESENTATION_CONTEXT('2D SPACE',''
  ) );
#1713 = PCURVE('',#1714,#1719);
#1714 = PLANE('',#1715);
#1715 = AXIS2_PLACEMENT_3D('',#1716,#1717,#1718);
#1716 = CARTESIAN_POINT('',(46.1,-43.29963563511,0.3));
#1717 = DIRECTION('',(0.707106781187,0.,-0.707106781187));
#1718 = DIRECTION('',(-0.,-1.,-0.));
#1719 = DEFINITIONAL_REPRESENTATION('',(#1720),#1724);
#1720 = LINE('',#1721,#1722);
#1721 = CARTESIAN_POINT('',(-0.,-0.424264068712));
#1722 = VECTOR('',#1723,1.);
#1723 = DIRECTION('',(-1.,0.));
#1724 = ( GEOMETRIC_REPRESENTATION_CONTEXT(2) 
PARAMETRIC_REPRESENTATION_CONTEXT() REPRESENTATION_CONTEXT('2D SPACE',''
  ) );
#1725 = ORIENTED_EDGE('',*,*,#1726,.T.);
#1726 = EDGE_CURVE('',#1699,#1727,#1729,.T.);
#1727 = VERTEX_POINT('',#1728);
#1728 = CARTESIAN_POINT('',(46.4,38.808296844003,28.866254404853));
#1729 = SURFACE_CURVE('',#1730,(#1734,#1741),.PCURVE_S1.);
#1730 = LINE('',#1731,#1732);
#1731 = CARTESIAN_POINT('',(46.4,38.808296844003,0.));
#1732 = VECTOR('',#1733,1.);
#1733 = DIRECTION('',(0.,0.,1.));
#1734 = PCURVE('',#372,#1735);
#1735 = DEFINITIONAL_REPRESENTATION('',(#1736),#1740);
#1736 = LINE('',#1737,#1738);
#1737 = CARTESIAN_POINT('',(386.85414869329,-261.1323557997));
#1738 = VECTOR('',#1739,1.);
#1739 = DIRECTION('',(0.819152044289,0.573576436351));
#1740 = ( GEOMETRIC_REPRESENTATION_CONTEXT(2) 
PARAMETRIC_REPRESENTATION_CONTEXT() REPRESENTATION_CONTEXT('2D SPACE',''
  ) );
#1741 = PCURVE('',#1742,#1747);
#1742 = CYLINDRICAL_SURFACE('',#1743,6.);
#1743 = AXIS2_PLACEMENT_3D('',#1744,#1745,#1746);
#1744 = CARTESIAN_POINT('',(40.4,38.808296844003,0.));
#1745 = DIRECTION('',(0.,0.,1.));
#1746 = DIRECTION('',(1.,0.,-0.));
#1747 = DEFINITIONAL_REPRESENTATION('',(#1748),#1752);
#1748 = LINE('',#1749,#1750);
#1749 = CARTESIAN_POINT('',(0.,0.));
#1750 = VECTOR('',#1751,1.);
#1751 = DIRECTION('',(0.,1.));
#1752 = ( GEOMETRIC_REPRESENTATION_CONTEXT(2) 
PARAMETRIC_REPRESENTATION_CONTEXT() REPRESENTATION_CONTEXT('2D SPACE',''
  ) );
#1753 = ORIENTED_EDGE('',*,*,#1754,.F.);
#1754 = EDGE_CURVE('',#1755,#1727,#1757,.T.);
#1755 = VERTEX_POINT('',#1756);
#1756 = CARTESIAN_POINT('',(46.4,32.521016179668,33.26865572086));
#1757 = SURFACE_CURVE('',#1758,(#1762,#1769),.PCURVE_S1.);
#1758 = LINE('',#1759,#1760);
#1759 = CARTESIAN_POINT('',(46.4,32.521016179668,33.26865572086));
#1760 = VECTOR('',#1761,1.);
#1761 = DIRECTION('',(0.,0.819152044289,-0.573576436351));
#1762 = PCURVE('',#372,#1763);
#1763 = DEFINITIONAL_REPRESENTATION('',(#1764),#1768);
#1764 = LINE('',#1765,#1766);
#1765 = CARTESIAN_POINT('',(410.5,-236.9));
#1766 = VECTOR('',#1767,1.);
#1767 = DIRECTION('',(0.,-1.));
#1768 = ( GEOMETRIC_REPRESENTATION_CONTEXT(2) 
PARAMETRIC_REPRESENTATION_CONTEXT() REPRESENTATION_CONTEXT('2D SPACE',''
  ) );
#1769 = PCURVE('',#1770,#1775);
#1770 = PLANE('',#1771);
#1771 = AXIS2_PLACEMENT_3D('',#1772,#1773,#1774);
#1772 = CARTESIAN_POINT('',(0.,32.521016179668,33.26865572086));
#1773 = DIRECTION('',(0.,0.573576436351,0.819152044289));
#1774 = DIRECTION('',(0.,0.819152044289,-0.573576436351));
#1775 = DEFINITIONAL_REPRESENTATION('',(#1776),#1780);
#1776 = LINE('',#1777,#1778);
#1777 = CARTESIAN_POINT('',(0.,-46.4));
#1778 = VECTOR('',#1779,1.);
#1779 = DIRECTION('',(1.,0.));
#1780 = ( GEOMETRIC_REPRESENTATION_CONTEXT(2) 
PARAMETRIC_REPRESENTATION_CONTEXT() REPRESENTATION_CONTEXT('2D SPACE',''
  ) );
#1781 = ORIENTED_EDGE('',*,*,#1782,.F.);
#1782 = EDGE_CURVE('',#1783,#1755,#1785,.T.);
#1783 = VERTEX_POINT('',#1784);
#1784 = CARTESIAN_POINT('',(46.4,22.608766427725,36.546963951504));
#1785 = SURFACE_CURVE('',#1786,(#1790,#1797),.PCURVE_S1.);
#1786 = LINE('',#1787,#1788);
#1787 = CARTESIAN_POINT('',(46.4,22.608766427725,36.546963951504));
#1788 = VECTOR('',#1789,1.);
#1789 = DIRECTION('',(0.,0.949421335809,-0.314004979437));
#1790 = PCURVE('',#372,#1791);
#1791 = DEFINITIONAL_REPRESENTATION('',(#1792),#1796);
#1792 = LINE('',#1793,#1794);
#1793 = CARTESIAN_POINT('',(407.5,-226.9));
#1794 = VECTOR('',#1795,1.);
#1795 = DIRECTION('',(0.287347885566,-0.957826285221));
#1796 = ( GEOMETRIC_REPRESENTATION_CONTEXT(2) 
PARAMETRIC_REPRESENTATION_CONTEXT() REPRESENTATION_CONTEXT('2D SPACE',''
  ) );
#1797 = PCURVE('',#1798,#1803);
#1798 = PLANE('',#1799);
#1799 = AXIS2_PLACEMENT_3D('',#1800,#1801,#1802);
#1800 = CARTESIAN_POINT('',(0.,22.608766427725,36.546963951504));
#1801 = DIRECTION('',(0.,0.314004979437,0.949421335809));
#1802 = DIRECTION('',(0.,0.949421335809,-0.314004979437));
#1803 = DEFINITIONAL_REPRESENTATION('',(#1804),#1808);
#1804 = LINE('',#1805,#1806);
#1805 = CARTESIAN_POINT('',(0.,-46.4));
#1806 = VECTOR('',#1807,1.);
#1807 = DIRECTION('',(1.,0.));
#1808 = ( GEOMETRIC_REPRESENTATION_CONTEXT(2) 
PARAMETRIC_REPRESENTATION_CONTEXT() REPRESENTATION_CONTEXT('2D SPACE',''
  ) );
#1809 = ORIENTED_EDGE('',*,*,#1810,.F.);
#1810 = EDGE_CURVE('',#1811,#1783,#1813,.T.);
#1811 = VERTEX_POINT('',#1812);
#1812 = CARTESIAN_POINT('',(46.4,-9.256248095117,58.85908732556));
#1813 = SURFACE_CURVE('',#1814,(#1818,#1825),.PCURVE_S1.);
#1814 = LINE('',#1815,#1816);
#1815 = CARTESIAN_POINT('',(46.4,-9.256248095117,58.85908732556));
#1816 = VECTOR('',#1817,1.);
#1817 = DIRECTION('',(0.,0.819152044289,-0.573576436351));
#1818 = PCURVE('',#372,#1819);
#1819 = DEFINITIONAL_REPRESENTATION('',(#1820),#1824);
#1820 = LINE('',#1821,#1822);
#1821 = CARTESIAN_POINT('',(407.5,-188.));
#1822 = VECTOR('',#1823,1.);
#1823 = DIRECTION('',(0.,-1.));
#1824 = ( GEOMETRIC_REPRESENTATION_CONTEXT(2) 
PARAMETRIC_REPRESENTATION_CONTEXT() REPRESENTATION_CONTEXT('2D SPACE',''
  ) );
#1825 = PCURVE('',#1826,#1831);
#1826 = PLANE('',#1827);
#1827 = AXIS2_PLACEMENT_3D('',#1828,#1829,#1830);
#1828 = CARTESIAN_POINT('',(0.,-9.256248095117,58.85908732556));
#1829 = DIRECTION('',(0.,0.573576436351,0.819152044289));
#1830 = DIRECTION('',(0.,0.819152044289,-0.573576436351));
#1831 = DEFINITIONAL_REPRESENTATION('',(#1832),#1836);
#1832 = LINE('',#1833,#1834);
#1833 = CARTESIAN_POINT('',(0.,-46.4));
#1834 = VECTOR('',#1835,1.);
#1835 = DIRECTION('',(1.,0.));
#1836 = ( GEOMETRIC_REPRESENTATION_CONTEXT(2) 
PARAMETRIC_REPRESENTATION_CONTEXT() REPRESENTATION_CONTEXT('2D SPACE',''
  ) );
#1837 = ORIENTED_EDGE('',*,*,#1838,.F.);
#1838 = EDGE_CURVE('',#357,#1811,#1839,.T.);
#1839 = SURFACE_CURVE('',#1840,(#1844,#1851),.PCURVE_S1.);
#1840 = LINE('',#1841,#1842);
#1841 = CARTESIAN_POINT('',(46.4,-13.55807136775,52.715446993392));
#1842 = VECTOR('',#1843,1.);
#1843 = DIRECTION('',(0.,0.573576436351,0.819152044289));
#1844 = PCURVE('',#372,#1845);
#1845 = DEFINITIONAL_REPRESENTATION('',(#1846),#1850);
#1846 = LINE('',#1847,#1848);
#1847 = CARTESIAN_POINT('',(400.,-188.));
#1848 = VECTOR('',#1849,1.);
#1849 = DIRECTION('',(1.,0.));
#1850 = ( GEOMETRIC_REPRESENTATION_CONTEXT(2) 
PARAMETRIC_REPRESENTATION_CONTEXT() REPRESENTATION_CONTEXT('2D SPACE',''
  ) );
#1851 = PCURVE('',#400,#1852);
#1852 = DEFINITIONAL_REPRESENTATION('',(#1853),#1857);
#1853 = LINE('',#1854,#1855);
#1854 = CARTESIAN_POINT('',(0.,-46.4));
#1855 = VECTOR('',#1856,1.);
#1856 = DIRECTION('',(1.,0.));
#1857 = ( GEOMETRIC_REPRESENTATION_CONTEXT(2) 
PARAMETRIC_REPRESENTATION_CONTEXT() REPRESENTATION_CONTEXT('2D SPACE',''
  ) );
#1858 = ADVANCED_FACE('',(#1859),#542,.F.);
#1859 = FACE_BOUND('',#1860,.F.);
#1860 = EDGE_LOOP('',(#1861,#1862,#1863,#1864,#1865,#1866));
#1861 = ORIENTED_EDGE('',*,*,#526,.F.);
#1862 = ORIENTED_EDGE('',*,*,#703,.F.);
#1863 = ORIENTED_EDGE('',*,*,#752,.F.);
#1864 = ORIENTED_EDGE('',*,*,#801,.F.);
#1865 = ORIENTED_EDGE('',*,*,#958,.F.);
#1866 = ORIENTED_EDGE('',*,*,#1867,.F.);
#1867 = EDGE_CURVE('',#498,#959,#1868,.T.);
#1868 = SURFACE_CURVE('',#1869,(#1873,#1880),.PCURVE_S1.);
#1869 = LINE('',#1870,#1871);
#1870 = CARTESIAN_POINT('',(-42.9,26.989954824555,24.323413394015));
#1871 = VECTOR('',#1872,1.);
#1872 = DIRECTION('',(0.,0.573576436351,0.819152044289));
#1873 = PCURVE('',#542,#1874);
#1874 = DEFINITIONAL_REPRESENTATION('',(#1875),#1879);
#1875 = LINE('',#1876,#1877);
#1876 = CARTESIAN_POINT('',(75.,7.105427357601E-15));
#1877 = VECTOR('',#1878,1.);
#1878 = DIRECTION('',(0.,-1.));
#1879 = ( GEOMETRIC_REPRESENTATION_CONTEXT(2) 
PARAMETRIC_REPRESENTATION_CONTEXT() REPRESENTATION_CONTEXT('2D SPACE',''
  ) );
#1880 = PCURVE('',#514,#1881);
#1881 = DEFINITIONAL_REPRESENTATION('',(#1882),#1886);
#1882 = LINE('',#1883,#1884);
#1883 = CARTESIAN_POINT('',(-3.14159265359,0.));
#1884 = VECTOR('',#1885,1.);
#1885 = DIRECTION('',(-0.,-1.));
#1886 = ( GEOMETRIC_REPRESENTATION_CONTEXT(2) 
PARAMETRIC_REPRESENTATION_CONTEXT() REPRESENTATION_CONTEXT('2D SPACE',''
  ) );
#1887 = ADVANCED_FACE('',(#1888),#400,.T.);
#1888 = FACE_BOUND('',#1889,.T.);
#1889 = EDGE_LOOP('',(#1890,#1891,#1892,#1915));
#1890 = ORIENTED_EDGE('',*,*,#384,.T.);
#1891 = ORIENTED_EDGE('',*,*,#1838,.T.);
#1892 = ORIENTED_EDGE('',*,*,#1893,.T.);
#1893 = EDGE_CURVE('',#1811,#1894,#1896,.T.);
#1894 = VERTEX_POINT('',#1895);
#1895 = CARTESIAN_POINT('',(42.9,-9.256248095117,58.85908732556));
#1896 = SURFACE_CURVE('',#1897,(#1901,#1908),.PCURVE_S1.);
#1897 = LINE('',#1898,#1899);
#1898 = CARTESIAN_POINT('',(46.4,-9.256248095117,58.85908732556));
#1899 = VECTOR('',#1900,1.);
#1900 = DIRECTION('',(-1.,0.,0.));
#1901 = PCURVE('',#400,#1902);
#1902 = DEFINITIONAL_REPRESENTATION('',(#1903),#1907);
#1903 = LINE('',#1904,#1905);
#1904 = CARTESIAN_POINT('',(7.5,-46.4));
#1905 = VECTOR('',#1906,1.);
#1906 = DIRECTION('',(0.,1.));
#1907 = ( GEOMETRIC_REPRESENTATION_CONTEXT(2) 
PARAMETRIC_REPRESENTATION_CONTEXT() REPRESENTATION_CONTEXT('2D SPACE',''
  ) );
#1908 = PCURVE('',#1826,#1909);
#1909 = DEFINITIONAL_REPRESENTATION('',(#1910),#1914);
#1910 = LINE('',#1911,#1912);
#1911 = CARTESIAN_POINT('',(0.,-46.4));
#1912 = VECTOR('',#1913,1.);
#1913 = DIRECTION('',(0.,1.));
#1914 = ( GEOMETRIC_REPRESENTATION_CONTEXT(2) 
PARAMETRIC_REPRESENTATION_CONTEXT() REPRESENTATION_CONTEXT('2D SPACE',''
  ) );
#1915 = ORIENTED_EDGE('',*,*,#1916,.T.);
#1916 = EDGE_CURVE('',#1894,#385,#1917,.T.);
#1917 = SURFACE_CURVE('',#1918,(#1922,#1929),.PCURVE_S1.);
#1918 = LINE('',#1919,#1920);
#1919 = CARTESIAN_POINT('',(42.9,-13.55807136775,52.715446993392));
#1920 = VECTOR('',#1921,1.);
#1921 = DIRECTION('',(-0.,-0.573576436351,-0.819152044289));
#1922 = PCURVE('',#400,#1923);
#1923 = DEFINITIONAL_REPRESENTATION('',(#1924),#1928);
#1924 = LINE('',#1925,#1926);
#1925 = CARTESIAN_POINT('',(0.,-42.9));
#1926 = VECTOR('',#1927,1.);
#1927 = DIRECTION('',(-1.,0.));
#1928 = ( GEOMETRIC_REPRESENTATION_CONTEXT(2) 
PARAMETRIC_REPRESENTATION_CONTEXT() REPRESENTATION_CONTEXT('2D SPACE',''
  ) );
#1929 = PCURVE('',#428,#1930);
#1930 = DEFINITIONAL_REPRESENTATION('',(#1931),#1935);
#1931 = LINE('',#1932,#1933);
#1932 = CARTESIAN_POINT('',(25.5,5.329070518201E-15));
#1933 = VECTOR('',#1934,1.);
#1934 = DIRECTION('',(0.,1.));
#1935 = ( GEOMETRIC_REPRESENTATION_CONTEXT(2) 
PARAMETRIC_REPRESENTATION_CONTEXT() REPRESENTATION_CONTEXT('2D SPACE',''
  ) );
#1936 = ADVANCED_FACE('',(#1937),#514,.F.);
#1937 = FACE_BOUND('',#1938,.T.);
#1938 = EDGE_LOOP('',(#1939,#1940,#1961,#1962));
#1939 = ORIENTED_EDGE('',*,*,#497,.F.);
#1940 = ORIENTED_EDGE('',*,*,#1941,.T.);
#1941 = EDGE_CURVE('',#470,#852,#1942,.T.);
#1942 = SURFACE_CURVE('',#1943,(#1947,#1954),.PCURVE_S1.);
#1943 = LINE('',#1944,#1945);
#1944 = CARTESIAN_POINT('',(-37.5,31.413375863716,21.22610063772));
#1945 = VECTOR('',#1946,1.);
#1946 = DIRECTION('',(0.,0.573576436351,0.819152044289));
#1947 = PCURVE('',#514,#1948);
#1948 = DEFINITIONAL_REPRESENTATION('',(#1949),#1953);
#1949 = LINE('',#1950,#1951);
#1950 = CARTESIAN_POINT('',(-1.570796326795,0.));
#1951 = VECTOR('',#1952,1.);
#1952 = DIRECTION('',(-0.,-1.));
#1953 = ( GEOMETRIC_REPRESENTATION_CONTEXT(2) 
PARAMETRIC_REPRESENTATION_CONTEXT() REPRESENTATION_CONTEXT('2D SPACE',''
  ) );
#1954 = PCURVE('',#485,#1955);
#1955 = DEFINITIONAL_REPRESENTATION('',(#1956),#1960);
#1956 = LINE('',#1957,#1958);
#1957 = CARTESIAN_POINT('',(0.,0.));
#1958 = VECTOR('',#1959,1.);
#1959 = DIRECTION('',(0.,-1.));
#1960 = ( GEOMETRIC_REPRESENTATION_CONTEXT(2) 
PARAMETRIC_REPRESENTATION_CONTEXT() REPRESENTATION_CONTEXT('2D SPACE',''
  ) );
#1961 = ORIENTED_EDGE('',*,*,#981,.F.);
#1962 = ORIENTED_EDGE('',*,*,#1867,.F.);
#1963 = ADVANCED_FACE('',(#1964),#428,.T.);
#1964 = FACE_BOUND('',#1965,.T.);
#1965 = EDGE_LOOP('',(#1966,#1967,#1968,#1991,#2014,#2037));
#1966 = ORIENTED_EDGE('',*,*,#412,.F.);
#1967 = ORIENTED_EDGE('',*,*,#1916,.F.);
#1968 = ORIENTED_EDGE('',*,*,#1969,.F.);
#1969 = EDGE_CURVE('',#1970,#1894,#1972,.T.);
#1970 = VERTEX_POINT('',#1971);
#1971 = CARTESIAN_POINT('',(42.9,22.608766427725,36.546963951504));
#1972 = SURFACE_CURVE('',#1973,(#1977,#1984),.PCURVE_S1.);
#1973 = LINE('',#1974,#1975);
#1974 = CARTESIAN_POINT('',(42.9,-19.7004366598,66.172186889036));
#1975 = VECTOR('',#1976,1.);
#1976 = DIRECTION('',(0.,-0.819152044289,0.573576436351));
#1977 = PCURVE('',#428,#1978);
#1978 = DEFINITIONAL_REPRESENTATION('',(#1979),#1983);
#1979 = LINE('',#1980,#1981);
#1980 = CARTESIAN_POINT('',(12.75,-7.5));
#1981 = VECTOR('',#1982,1.);
#1982 = DIRECTION('',(-1.,0.));
#1983 = ( GEOMETRIC_REPRESENTATION_CONTEXT(2) 
PARAMETRIC_REPRESENTATION_CONTEXT() REPRESENTATION_CONTEXT('2D SPACE',''
  ) );
#1984 = PCURVE('',#1826,#1985);
#1985 = DEFINITIONAL_REPRESENTATION('',(#1986),#1990);
#1986 = LINE('',#1987,#1988);
#1987 = CARTESIAN_POINT('',(-12.75,-42.9));
#1988 = VECTOR('',#1989,1.);
#1989 = DIRECTION('',(-1.,0.));
#1990 = ( GEOMETRIC_REPRESENTATION_CONTEXT(2) 
PARAMETRIC_REPRESENTATION_CONTEXT() REPRESENTATION_CONTEXT('2D SPACE',''
  ) );
#1991 = ORIENTED_EDGE('',*,*,#1992,.F.);
#1992 = EDGE_CURVE('',#1993,#1970,#1995,.T.);
#1993 = VERTEX_POINT('',#1994);
#1994 = CARTESIAN_POINT('',(42.9,32.521016179668,33.26865572086));
#1995 = SURFACE_CURVE('',#1996,(#2000,#2007),.PCURVE_S1.);
#1996 = LINE('',#1997,#1998);
#1997 = CARTESIAN_POINT('',(42.9,-7.696345772596,46.569865032806));
#1998 = VECTOR('',#1999,1.);
#1999 = DIRECTION('',(-0.,-0.949421335809,0.314004979437));
#2000 = PCURVE('',#428,#2001);
#2001 = DEFINITIONAL_REPRESENTATION('',(#2002),#2006);
#2002 = LINE('',#2003,#2004);
#2003 = CARTESIAN_POINT('',(33.826605504587,1.672018348624));
#2004 = VECTOR('',#2005,1.);
#2005 = DIRECTION('',(-0.957826285221,0.287347885566));
#2006 = ( GEOMETRIC_REPRESENTATION_CONTEXT(2) 
PARAMETRIC_REPRESENTATION_CONTEXT() REPRESENTATION_CONTEXT('2D SPACE',''
  ) );
#2007 = PCURVE('',#1798,#2008);
#2008 = DEFINITIONAL_REPRESENTATION('',(#2009),#2013);
#2009 = LINE('',#2010,#2011);
#2010 = CARTESIAN_POINT('',(-31.91956095499,-42.9));
#2011 = VECTOR('',#2012,1.);
#2012 = DIRECTION('',(-1.,0.));
#2013 = ( GEOMETRIC_REPRESENTATION_CONTEXT(2) 
PARAMETRIC_REPRESENTATION_CONTEXT() REPRESENTATION_CONTEXT('2D SPACE',''
  ) );
#2014 = ORIENTED_EDGE('',*,*,#2015,.F.);
#2015 = EDGE_CURVE('',#2016,#1993,#2018,.T.);
#2016 = VERTEX_POINT('',#2017);
#2017 = CARTESIAN_POINT('',(42.9,33.012507406241,32.92450985905));
#2018 = SURFACE_CURVE('',#2019,(#2023,#2030),.PCURVE_S1.);
#2019 = LINE('',#2020,#2021);
#2020 = CARTESIAN_POINT('',(42.9,2.048560132117,54.605699153119));
#2021 = VECTOR('',#2022,1.);
#2022 = DIRECTION('',(0.,-0.819152044289,0.573576436351));
#2023 = PCURVE('',#428,#2024);
#2024 = DEFINITIONAL_REPRESENTATION('',(#2025),#2029);
#2025 = LINE('',#2026,#2027);
#2026 = CARTESIAN_POINT('',(37.2,-10.5));
#2027 = VECTOR('',#2028,1.);
#2028 = DIRECTION('',(-1.,0.));
#2029 = ( GEOMETRIC_REPRESENTATION_CONTEXT(2) 
PARAMETRIC_REPRESENTATION_CONTEXT() REPRESENTATION_CONTEXT('2D SPACE',''
  ) );
#2030 = PCURVE('',#1770,#2031);
#2031 = DEFINITIONAL_REPRESENTATION('',(#2032),#2036);
#2032 = LINE('',#2033,#2034);
#2033 = CARTESIAN_POINT('',(-37.2,-42.9));
#2034 = VECTOR('',#2035,1.);
#2035 = DIRECTION('',(-1.,0.));
#2036 = ( GEOMETRIC_REPRESENTATION_CONTEXT(2) 
PARAMETRIC_REPRESENTATION_CONTEXT() REPRESENTATION_CONTEXT('2D SPACE',''
  ) );
#2037 = ORIENTED_EDGE('',*,*,#2038,.F.);
#2038 = EDGE_CURVE('',#413,#2016,#2039,.T.);
#2039 = SURFACE_CURVE('',#2040,(#2044,#2051),.PCURVE_S1.);
#2040 = LINE('',#2041,#2042);
#2041 = CARTESIAN_POINT('',(42.9,26.989954824555,24.323413394015));
#2042 = VECTOR('',#2043,1.);
#2043 = DIRECTION('',(0.,0.573576436351,0.819152044289));
#2044 = PCURVE('',#428,#2045);
#2045 = DEFINITIONAL_REPRESENTATION('',(#2046),#2050);
#2046 = LINE('',#2047,#2048);
#2047 = CARTESIAN_POINT('',(75.,7.105427357601E-15));
#2048 = VECTOR('',#2049,1.);
#2049 = DIRECTION('',(0.,-1.));
#2050 = ( GEOMETRIC_REPRESENTATION_CONTEXT(2) 
PARAMETRIC_REPRESENTATION_CONTEXT() REPRESENTATION_CONTEXT('2D SPACE',''
  ) );
#2051 = PCURVE('',#457,#2052);
#2052 = DEFINITIONAL_REPRESENTATION('',(#2053),#2057);
#2053 = LINE('',#2054,#2055);
#2054 = CARTESIAN_POINT('',(-0.,0.));
#2055 = VECTOR('',#2056,1.);
#2056 = DIRECTION('',(-0.,-1.));
#2057 = ( GEOMETRIC_REPRESENTATION_CONTEXT(2) 
PARAMETRIC_REPRESENTATION_CONTEXT() REPRESENTATION_CONTEXT('2D SPACE',''
  ) );
#2058 = ADVANCED_FACE('',(#2059),#485,.F.);
#2059 = FACE_BOUND('',#2060,.F.);
#2060 = EDGE_LOOP('',(#2061,#2062,#2063,#2064,#2087,#2115,#2143,#2166));
#2061 = ORIENTED_EDGE('',*,*,#469,.F.);
#2062 = ORIENTED_EDGE('',*,*,#1941,.T.);
#2063 = ORIENTED_EDGE('',*,*,#849,.F.);
#2064 = ORIENTED_EDGE('',*,*,#2065,.T.);
#2065 = EDGE_CURVE('',#850,#2066,#2068,.T.);
#2066 = VERTEX_POINT('',#2067);
#2067 = CARTESIAN_POINT('',(-7.,32.560528736418,22.864404726298));
#2068 = SURFACE_CURVE('',#2069,(#2073,#2080),.PCURVE_S1.);
#2069 = LINE('',#2070,#2071);
#2070 = CARTESIAN_POINT('',(-7.,31.986952300067,22.045252682009));
#2071 = VECTOR('',#2072,1.);
#2072 = DIRECTION('',(0.,-0.573576436351,-0.819152044289));
#2073 = PCURVE('',#485,#2074);
#2074 = DEFINITIONAL_REPRESENTATION('',(#2075),#2079);
#2075 = LINE('',#2076,#2077);
#2076 = CARTESIAN_POINT('',(30.5,-1.));
#2077 = VECTOR('',#2078,1.);
#2078 = DIRECTION('',(0.,1.));
#2079 = ( GEOMETRIC_REPRESENTATION_CONTEXT(2) 
PARAMETRIC_REPRESENTATION_CONTEXT() REPRESENTATION_CONTEXT('2D SPACE',''
  ) );
#2080 = PCURVE('',#890,#2081);
#2081 = DEFINITIONAL_REPRESENTATION('',(#2082),#2086);
#2082 = LINE('',#2083,#2084);
#2083 = CARTESIAN_POINT('',(-1.,-8.));
#2084 = VECTOR('',#2085,1.);
#2085 = DIRECTION('',(-1.,0.));
#2086 = ( GEOMETRIC_REPRESENTATION_CONTEXT(2) 
PARAMETRIC_REPRESENTATION_CONTEXT() REPRESENTATION_CONTEXT('2D SPACE',''
  ) );
#2087 = ORIENTED_EDGE('',*,*,#2088,.T.);
#2088 = EDGE_CURVE('',#2066,#2089,#2091,.T.);
#2089 = VERTEX_POINT('',#2090);
#2090 = CARTESIAN_POINT('',(7.,32.560528736418,22.864404726298));
#2091 = SURFACE_CURVE('',#2092,(#2096,#2103),.PCURVE_S1.);
#2092 = LINE('',#2093,#2094);
#2093 = CARTESIAN_POINT('',(-22.25,32.560528736418,22.864404726298));
#2094 = VECTOR('',#2095,1.);
#2095 = DIRECTION('',(1.,0.,0.));
#2096 = PCURVE('',#485,#2097);
#2097 = DEFINITIONAL_REPRESENTATION('',(#2098),#2102);
#2098 = LINE('',#2099,#2100);
#2099 = CARTESIAN_POINT('',(15.25,-2.));
#2100 = VECTOR('',#2101,1.);
#2101 = DIRECTION('',(1.,0.));
#2102 = ( GEOMETRIC_REPRESENTATION_CONTEXT(2) 
PARAMETRIC_REPRESENTATION_CONTEXT() REPRESENTATION_CONTEXT('2D SPACE',''
  ) );
#2103 = PCURVE('',#2104,#2109);
#2104 = PLANE('',#2105);
#2105 = AXIS2_PLACEMENT_3D('',#2106,#2107,#2108);
#2106 = CARTESIAN_POINT('',(-7.,26.007312382106,27.453016217106));
#2107 = DIRECTION('',(0.,0.573576436351,0.819152044289));
#2108 = DIRECTION('',(1.,0.,0.));
#2109 = DEFINITIONAL_REPRESENTATION('',(#2110),#2114);
#2110 = LINE('',#2111,#2112);
#2111 = CARTESIAN_POINT('',(-15.25,8.));
#2112 = VECTOR('',#2113,1.);
#2113 = DIRECTION('',(1.,0.));
#2114 = ( GEOMETRIC_REPRESENTATION_CONTEXT(2) 
PARAMETRIC_REPRESENTATION_CONTEXT() REPRESENTATION_CONTEXT('2D SPACE',''
  ) );
#2115 = ORIENTED_EDGE('',*,*,#2116,.F.);
#2116 = EDGE_CURVE('',#2117,#2089,#2119,.T.);
#2117 = VERTEX_POINT('',#2118);
#2118 = CARTESIAN_POINT('',(7.,37.435928445402,29.827197102754));
#2119 = SURFACE_CURVE('',#2120,(#2124,#2131),.PCURVE_S1.);
#2120 = LINE('',#2121,#2122);
#2121 = CARTESIAN_POINT('',(7.,31.986952300067,22.045252682009));
#2122 = VECTOR('',#2123,1.);
#2123 = DIRECTION('',(0.,-0.573576436351,-0.819152044289));
#2124 = PCURVE('',#485,#2125);
#2125 = DEFINITIONAL_REPRESENTATION('',(#2126),#2130);
#2126 = LINE('',#2127,#2128);
#2127 = CARTESIAN_POINT('',(44.5,-1.));
#2128 = VECTOR('',#2129,1.);
#2129 = DIRECTION('',(0.,1.));
#2130 = ( GEOMETRIC_REPRESENTATION_CONTEXT(2) 
PARAMETRIC_REPRESENTATION_CONTEXT() REPRESENTATION_CONTEXT('2D SPACE',''
  ) );
#2131 = PCURVE('',#2132,#2137);
#2132 = PLANE('',#2133);
#2133 = AXIS2_PLACEMENT_3D('',#2134,#2135,#2136);
#2134 = CARTESIAN_POINT('',(7.,26.007312382106,27.453016217106));
#2135 = DIRECTION('',(1.,0.,0.));
#2136 = DIRECTION('',(0.,0.573576436351,0.819152044289));
#2137 = DEFINITIONAL_REPRESENTATION('',(#2138),#2142);
#2138 = LINE('',#2139,#2140);
#2139 = CARTESIAN_POINT('',(-1.,-8.));
#2140 = VECTOR('',#2141,1.);
#2141 = DIRECTION('',(-1.,0.));
#2142 = ( GEOMETRIC_REPRESENTATION_CONTEXT(2) 
PARAMETRIC_REPRESENTATION_CONTEXT() REPRESENTATION_CONTEXT('2D SPACE',''
  ) );
#2143 = ORIENTED_EDGE('',*,*,#2144,.F.);
#2144 = EDGE_CURVE('',#2145,#2117,#2147,.T.);
#2145 = VERTEX_POINT('',#2146);
#2146 = CARTESIAN_POINT('',(37.5,37.435928445402,29.827197102754));
#2147 = SURFACE_CURVE('',#2148,(#2152,#2159),.PCURVE_S1.);
#2148 = LINE('',#2149,#2150);
#2149 = CARTESIAN_POINT('',(-18.75,37.435928445402,29.827197102754));
#2150 = VECTOR('',#2151,1.);
#2151 = DIRECTION('',(-1.,0.,0.));
#2152 = PCURVE('',#485,#2153);
#2153 = DEFINITIONAL_REPRESENTATION('',(#2154),#2158);
#2154 = LINE('',#2155,#2156);
#2155 = CARTESIAN_POINT('',(18.75,-10.5));
#2156 = VECTOR('',#2157,1.);
#2157 = DIRECTION('',(-1.,-0.));
#2158 = ( GEOMETRIC_REPRESENTATION_CONTEXT(2) 
PARAMETRIC_REPRESENTATION_CONTEXT() REPRESENTATION_CONTEXT('2D SPACE',''
  ) );
#2159 = PCURVE('',#1770,#2160);
#2160 = DEFINITIONAL_REPRESENTATION('',(#2161),#2165);
#2161 = LINE('',#2162,#2163);
#2162 = CARTESIAN_POINT('',(6.,18.75));
#2163 = VECTOR('',#2164,1.);
#2164 = DIRECTION('',(0.,1.));
#2165 = ( GEOMETRIC_REPRESENTATION_CONTEXT(2) 
PARAMETRIC_REPRESENTATION_CONTEXT() REPRESENTATION_CONTEXT('2D SPACE',''
  ) );
#2166 = ORIENTED_EDGE('',*,*,#2167,.F.);
#2167 = EDGE_CURVE('',#441,#2145,#2168,.T.);
#2168 = SURFACE_CURVE('',#2169,(#2173,#2180),.PCURVE_S1.);
#2169 = LINE('',#2170,#2171);
#2170 = CARTESIAN_POINT('',(37.5,31.413375863716,21.22610063772));
#2171 = VECTOR('',#2172,1.);
#2172 = DIRECTION('',(0.,0.573576436351,0.819152044289));
#2173 = PCURVE('',#485,#2174);
#2174 = DEFINITIONAL_REPRESENTATION('',(#2175),#2179);
#2175 = LINE('',#2176,#2177);
#2176 = CARTESIAN_POINT('',(75.,0.));
#2177 = VECTOR('',#2178,1.);
#2178 = DIRECTION('',(0.,-1.));
#2179 = ( GEOMETRIC_REPRESENTATION_CONTEXT(2) 
PARAMETRIC_REPRESENTATION_CONTEXT() REPRESENTATION_CONTEXT('2D SPACE',''
  ) );
#2180 = PCURVE('',#457,#2181);
#2181 = DEFINITIONAL_REPRESENTATION('',(#2182),#2186);
#2182 = LINE('',#2183,#2184);
#2183 = CARTESIAN_POINT('',(-1.570796326795,0.));
#2184 = VECTOR('',#2185,1.);
#2185 = DIRECTION('',(-0.,-1.));
#2186 = ( GEOMETRIC_REPRESENTATION_CONTEXT(2) 
PARAMETRIC_REPRESENTATION_CONTEXT() REPRESENTATION_CONTEXT('2D SPACE',''
  ) );
#2187 = ADVANCED_FACE('',(#2188),#457,.F.);
#2188 = FACE_BOUND('',#2189,.T.);
#2189 = EDGE_LOOP('',(#2190,#2191,#2192,#2218));
#2190 = ORIENTED_EDGE('',*,*,#440,.F.);
#2191 = ORIENTED_EDGE('',*,*,#2038,.T.);
#2192 = ORIENTED_EDGE('',*,*,#2193,.F.);
#2193 = EDGE_CURVE('',#2145,#2016,#2194,.T.);
#2194 = SURFACE_CURVE('',#2195,(#2200,#2207),.PCURVE_S1.);
#2195 = CIRCLE('',#2196,5.4);
#2196 = AXIS2_PLACEMENT_3D('',#2197,#2198,#2199);
#2197 = CARTESIAN_POINT('',(37.5,33.012507406241,32.92450985905));
#2198 = DIRECTION('',(0.,-0.573576436351,-0.819152044289));
#2199 = DIRECTION('',(1.,0.,0.));
#2200 = PCURVE('',#457,#2201);
#2201 = DEFINITIONAL_REPRESENTATION('',(#2202),#2206);
#2202 = LINE('',#2203,#2204);
#2203 = CARTESIAN_POINT('',(-6.28318530718,-10.5));
#2204 = VECTOR('',#2205,1.);
#2205 = DIRECTION('',(1.,-0.));
#2206 = ( GEOMETRIC_REPRESENTATION_CONTEXT(2) 
PARAMETRIC_REPRESENTATION_CONTEXT() REPRESENTATION_CONTEXT('2D SPACE',''
  ) );
#2207 = PCURVE('',#1770,#2208);
#2208 = DEFINITIONAL_REPRESENTATION('',(#2209),#2217);
#2209 = ( BOUNDED_CURVE() B_SPLINE_CURVE(2,(#2210,#2211,#2212,#2213,
#2214,#2215,#2216),.UNSPECIFIED.,.T.,.F.) B_SPLINE_CURVE_WITH_KNOTS((1,2
    ,2,2,2,1),(-2.094395102393,0.,2.094395102393,4.188790204786,
6.28318530718,8.377580409573),.UNSPECIFIED.) CURVE() 
GEOMETRIC_REPRESENTATION_ITEM() RATIONAL_B_SPLINE_CURVE((1.,0.5,1.,0.5,
1.,0.5,1.)) REPRESENTATION_ITEM('') );
#2210 = CARTESIAN_POINT('',(0.6,-42.9));
#2211 = CARTESIAN_POINT('',(-8.753074360872,-42.9));
#2212 = CARTESIAN_POINT('',(-4.076537180436,-34.8));
#2213 = CARTESIAN_POINT('',(0.6,-26.7));
#2214 = CARTESIAN_POINT('',(5.276537180436,-34.8));
#2215 = CARTESIAN_POINT('',(9.953074360872,-42.9));
#2216 = CARTESIAN_POINT('',(0.6,-42.9));
#2217 = ( GEOMETRIC_REPRESENTATION_CONTEXT(2) 
PARAMETRIC_REPRESENTATION_CONTEXT() REPRESENTATION_CONTEXT('2D SPACE',''
  ) );
#2218 = ORIENTED_EDGE('',*,*,#2167,.F.);
#2219 = ADVANCED_FACE('',(#2220),#594,.F.);
#2220 = FACE_BOUND('',#2221,.F.);
#2221 = EDGE_LOOP('',(#2222,#2223,#2244,#2245));
#2222 = ORIENTED_EDGE('',*,*,#577,.F.);
#2223 = ORIENTED_EDGE('',*,*,#2224,.T.);
#2224 = EDGE_CURVE('',#578,#1540,#2225,.T.);
#2225 = SEAM_CURVE('',#2226,(#2230,#2237),.PCURVE_S1.);
#2226 = LINE('',#2227,#2228);
#2227 = CARTESIAN_POINT('',(-30.8,-30.01729169359,64.252524884491));
#2228 = VECTOR('',#2229,1.);
#2229 = DIRECTION('',(-0.,-0.573576436351,-0.819152044289));
#2230 = PCURVE('',#594,#2231);
#2231 = DEFINITIONAL_REPRESENTATION('',(#2232),#2236);
#2232 = LINE('',#2233,#2234);
#2233 = CARTESIAN_POINT('',(6.28318530718,0.));
#2234 = VECTOR('',#2235,1.);
#2235 = DIRECTION('',(0.,-1.));
#2236 = ( GEOMETRIC_REPRESENTATION_CONTEXT(2) 
PARAMETRIC_REPRESENTATION_CONTEXT() REPRESENTATION_CONTEXT('2D SPACE',''
  ) );
#2237 = PCURVE('',#594,#2238);
#2238 = DEFINITIONAL_REPRESENTATION('',(#2239),#2243);
#2239 = LINE('',#2240,#2241);
#2240 = CARTESIAN_POINT('',(0.,0.));
#2241 = VECTOR('',#2242,1.);
#2242 = DIRECTION('',(0.,-1.));
#2243 = ( GEOMETRIC_REPRESENTATION_CONTEXT(2) 
PARAMETRIC_REPRESENTATION_CONTEXT() REPRESENTATION_CONTEXT('2D SPACE',''
  ) );
#2244 = ORIENTED_EDGE('',*,*,#1539,.T.);
#2245 = ORIENTED_EDGE('',*,*,#2224,.F.);
#2246 = ADVANCED_FACE('',(#2247),#625,.F.);
#2247 = FACE_BOUND('',#2248,.F.);
#2248 = EDGE_LOOP('',(#2249,#2250,#2271,#2272));
#2249 = ORIENTED_EDGE('',*,*,#608,.F.);
#2250 = ORIENTED_EDGE('',*,*,#2251,.T.);
#2251 = EDGE_CURVE('',#609,#1593,#2252,.T.);
#2252 = SEAM_CURVE('',#2253,(#2257,#2264),.PCURVE_S1.);
#2253 = LINE('',#2254,#2255);
#2254 = CARTESIAN_POINT('',(33.4,-30.01729169359,64.252524884491));
#2255 = VECTOR('',#2256,1.);
#2256 = DIRECTION('',(-0.,-0.573576436351,-0.819152044289));
#2257 = PCURVE('',#625,#2258);
#2258 = DEFINITIONAL_REPRESENTATION('',(#2259),#2263);
#2259 = LINE('',#2260,#2261);
#2260 = CARTESIAN_POINT('',(6.28318530718,0.));
#2261 = VECTOR('',#2262,1.);
#2262 = DIRECTION('',(0.,-1.));
#2263 = ( GEOMETRIC_REPRESENTATION_CONTEXT(2) 
PARAMETRIC_REPRESENTATION_CONTEXT() REPRESENTATION_CONTEXT('2D SPACE',''
  ) );
#2264 = PCURVE('',#625,#2265);
#2265 = DEFINITIONAL_REPRESENTATION('',(#2266),#2270);
#2266 = LINE('',#2267,#2268);
#2267 = CARTESIAN_POINT('',(0.,0.));
#2268 = VECTOR('',#2269,1.);
#2269 = DIRECTION('',(0.,-1.));
#2270 = ( GEOMETRIC_REPRESENTATION_CONTEXT(2) 
PARAMETRIC_REPRESENTATION_CONTEXT() REPRESENTATION_CONTEXT('2D SPACE',''
  ) );
#2271 = ORIENTED_EDGE('',*,*,#1592,.T.);
#2272 = ORIENTED_EDGE('',*,*,#2251,.F.);
#2273 = ADVANCED_FACE('',(#2274),#656,.F.);
#2274 = FACE_BOUND('',#2275,.F.);
#2275 = EDGE_LOOP('',(#2276,#2277,#2300,#2327));
#2276 = ORIENTED_EDGE('',*,*,#639,.F.);
#2277 = ORIENTED_EDGE('',*,*,#2278,.T.);
#2278 = EDGE_CURVE('',#640,#2279,#2281,.T.);
#2279 = VERTEX_POINT('',#2280);
#2280 = CARTESIAN_POINT('',(-30.8,16.836505186248,19.237397227864));
#2281 = SEAM_CURVE('',#2282,(#2286,#2293),.PCURVE_S1.);
#2282 = LINE('',#2283,#2284);
#2283 = CARTESIAN_POINT('',(-30.8,22.572269549758,27.428917670754));
#2284 = VECTOR('',#2285,1.);
#2285 = DIRECTION('',(-0.,-0.573576436351,-0.819152044289));
#2286 = PCURVE('',#656,#2287);
#2287 = DEFINITIONAL_REPRESENTATION('',(#2288),#2292);
#2288 = LINE('',#2289,#2290);
#2289 = CARTESIAN_POINT('',(6.28318530718,0.));
#2290 = VECTOR('',#2291,1.);
#2291 = DIRECTION('',(0.,-1.));
#2292 = ( GEOMETRIC_REPRESENTATION_CONTEXT(2) 
PARAMETRIC_REPRESENTATION_CONTEXT() REPRESENTATION_CONTEXT('2D SPACE',''
  ) );
#2293 = PCURVE('',#656,#2294);
#2294 = DEFINITIONAL_REPRESENTATION('',(#2295),#2299);
#2295 = LINE('',#2296,#2297);
#2296 = CARTESIAN_POINT('',(0.,0.));
#2297 = VECTOR('',#2298,1.);
#2298 = DIRECTION('',(0.,-1.));
#2299 = ( GEOMETRIC_REPRESENTATION_CONTEXT(2) 
PARAMETRIC_REPRESENTATION_CONTEXT() REPRESENTATION_CONTEXT('2D SPACE',''
  ) );
#2300 = ORIENTED_EDGE('',*,*,#2301,.T.);
#2301 = EDGE_CURVE('',#2279,#2279,#2302,.T.);
#2302 = SURFACE_CURVE('',#2303,(#2308,#2315),.PCURVE_S1.);
#2303 = CIRCLE('',#2304,1.3);
#2304 = AXIS2_PLACEMENT_3D('',#2305,#2306,#2307);
#2305 = CARTESIAN_POINT('',(-32.1,16.836505186248,19.237397227864));
#2306 = DIRECTION('',(-0.,0.573576436351,0.819152044289));
#2307 = DIRECTION('',(1.,0.,0.));
#2308 = PCURVE('',#656,#2309);
#2309 = DEFINITIONAL_REPRESENTATION('',(#2310),#2314);
#2310 = LINE('',#2311,#2312);
#2311 = CARTESIAN_POINT('',(0.,-10.));
#2312 = VECTOR('',#2313,1.);
#2313 = DIRECTION('',(1.,0.));
#2314 = ( GEOMETRIC_REPRESENTATION_CONTEXT(2) 
PARAMETRIC_REPRESENTATION_CONTEXT() REPRESENTATION_CONTEXT('2D SPACE',''
  ) );
#2315 = PCURVE('',#2316,#2321);
#2316 = PLANE('',#2317);
#2317 = AXIS2_PLACEMENT_3D('',#2318,#2319,#2320);
#2318 = CARTESIAN_POINT('',(-32.1,-35.7530560571,56.061004441601));
#2319 = DIRECTION('',(0.,0.573576436351,0.819152044289));
#2320 = DIRECTION('',(1.,0.,0.));
#2321 = DEFINITIONAL_REPRESENTATION('',(#2322),#2326);
#2322 = CIRCLE('',#2323,1.3);
#2323 = AXIS2_PLACEMENT_2D('',#2324,#2325);
#2324 = CARTESIAN_POINT('',(-7.105427357601E-15,64.2));
#2325 = DIRECTION('',(1.,0.));
#2326 = ( GEOMETRIC_REPRESENTATION_CONTEXT(2) 
PARAMETRIC_REPRESENTATION_CONTEXT() REPRESENTATION_CONTEXT('2D SPACE',''
  ) );
#2327 = ORIENTED_EDGE('',*,*,#2278,.F.);
#2328 = ADVANCED_FACE('',(#2329),#687,.F.);
#2329 = FACE_BOUND('',#2330,.F.);
#2330 = EDGE_LOOP('',(#2331,#2332,#2355,#2382));
#2331 = ORIENTED_EDGE('',*,*,#670,.F.);
#2332 = ORIENTED_EDGE('',*,*,#2333,.T.);
#2333 = EDGE_CURVE('',#671,#2334,#2336,.T.);
#2334 = VERTEX_POINT('',#2335);
#2335 = CARTESIAN_POINT('',(33.4,16.836505186248,19.237397227864));
#2336 = SEAM_CURVE('',#2337,(#2341,#2348),.PCURVE_S1.);
#2337 = LINE('',#2338,#2339);
#2338 = CARTESIAN_POINT('',(33.4,22.572269549758,27.428917670754));
#2339 = VECTOR('',#2340,1.);
#2340 = DIRECTION('',(-0.,-0.573576436351,-0.819152044289));
#2341 = PCURVE('',#687,#2342);
#2342 = DEFINITIONAL_REPRESENTATION('',(#2343),#2347);
#2343 = LINE('',#2344,#2345);
#2344 = CARTESIAN_POINT('',(6.28318530718,0.));
#2345 = VECTOR('',#2346,1.);
#2346 = DIRECTION('',(0.,-1.));
#2347 = ( GEOMETRIC_REPRESENTATION_CONTEXT(2) 
PARAMETRIC_REPRESENTATION_CONTEXT() REPRESENTATION_CONTEXT('2D SPACE',''
  ) );
#2348 = PCURVE('',#687,#2349);
#2349 = DEFINITIONAL_REPRESENTATION('',(#2350),#2354);
#2350 = LINE('',#2351,#2352);
#2351 = CARTESIAN_POINT('',(0.,0.));
#2352 = VECTOR('',#2353,1.);
#2353 = DIRECTION('',(0.,-1.));
#2354 = ( GEOMETRIC_REPRESENTATION_CONTEXT(2) 
PARAMETRIC_REPRESENTATION_CONTEXT() REPRESENTATION_CONTEXT('2D SPACE',''
  ) );
#2355 = ORIENTED_EDGE('',*,*,#2356,.T.);
#2356 = EDGE_CURVE('',#2334,#2334,#2357,.T.);
#2357 = SURFACE_CURVE('',#2358,(#2363,#2370),.PCURVE_S1.);
#2358 = CIRCLE('',#2359,1.3);
#2359 = AXIS2_PLACEMENT_3D('',#2360,#2361,#2362);
#2360 = CARTESIAN_POINT('',(32.1,16.836505186248,19.237397227864));
#2361 = DIRECTION('',(-0.,0.573576436351,0.819152044289));
#2362 = DIRECTION('',(1.,0.,0.));
#2363 = PCURVE('',#687,#2364);
#2364 = DEFINITIONAL_REPRESENTATION('',(#2365),#2369);
#2365 = LINE('',#2366,#2367);
#2366 = CARTESIAN_POINT('',(0.,-10.));
#2367 = VECTOR('',#2368,1.);
#2368 = DIRECTION('',(1.,0.));
#2369 = ( GEOMETRIC_REPRESENTATION_CONTEXT(2) 
PARAMETRIC_REPRESENTATION_CONTEXT() REPRESENTATION_CONTEXT('2D SPACE',''
  ) );
#2370 = PCURVE('',#2371,#2376);
#2371 = PLANE('',#2372);
#2372 = AXIS2_PLACEMENT_3D('',#2373,#2374,#2375);
#2373 = CARTESIAN_POINT('',(-32.1,-35.7530560571,56.061004441601));
#2374 = DIRECTION('',(0.,0.573576436351,0.819152044289));
#2375 = DIRECTION('',(1.,0.,0.));
#2376 = DEFINITIONAL_REPRESENTATION('',(#2377),#2381);
#2377 = CIRCLE('',#2378,1.3);
#2378 = AXIS2_PLACEMENT_2D('',#2379,#2380);
#2379 = CARTESIAN_POINT('',(64.2,64.2));
#2380 = DIRECTION('',(1.,0.));
#2381 = ( GEOMETRIC_REPRESENTATION_CONTEXT(2) 
PARAMETRIC_REPRESENTATION_CONTEXT() REPRESENTATION_CONTEXT('2D SPACE',''
  ) );
#2382 = ORIENTED_EDGE('',*,*,#2333,.F.);
#2383 = ADVANCED_FACE('',(#2384),#917,.F.);
#2384 = FACE_BOUND('',#2385,.F.);
#2385 = EDGE_LOOP('',(#2386,#2416,#2439,#2460,#2481,#2502,#2521,#2522,
    #2523,#2551,#2576,#2601));
#2386 = ORIENTED_EDGE('',*,*,#2387,.F.);
#2387 = EDGE_CURVE('',#2388,#2390,#2392,.T.);
#2388 = VERTEX_POINT('',#2389);
#2389 = CARTESIAN_POINT('',(40.4,44.808296844003,0.6));
#2390 = VERTEX_POINT('',#2391);
#2391 = CARTESIAN_POINT('',(7.,44.808296844003,0.6));
#2392 = SURFACE_CURVE('',#2393,(#2397,#2404),.PCURVE_S1.);
#2393 = LINE('',#2394,#2395);
#2394 = CARTESIAN_POINT('',(40.4,44.808296844003,0.6));
#2395 = VECTOR('',#2396,1.);
#2396 = DIRECTION('',(-1.,0.,0.));
#2397 = PCURVE('',#917,#2398);
#2398 = DEFINITIONAL_REPRESENTATION('',(#2399),#2403);
#2399 = LINE('',#2400,#2401);
#2400 = CARTESIAN_POINT('',(6.,-0.6));
#2401 = VECTOR('',#2402,1.);
#2402 = DIRECTION('',(1.,0.));
#2403 = ( GEOMETRIC_REPRESENTATION_CONTEXT(2) 
PARAMETRIC_REPRESENTATION_CONTEXT() REPRESENTATION_CONTEXT('2D SPACE',''
  ) );
#2404 = PCURVE('',#2405,#2410);
#2405 = PLANE('',#2406);
#2406 = AXIS2_PLACEMENT_3D('',#2407,#2408,#2409);
#2407 = CARTESIAN_POINT('',(40.4,44.508296844003,0.3));
#2408 = DIRECTION('',(0.,0.707106781187,-0.707106781187));
#2409 = DIRECTION('',(1.,-0.,-0.));
#2410 = DEFINITIONAL_REPRESENTATION('',(#2411),#2415);
#2411 = LINE('',#2412,#2413);
#2412 = CARTESIAN_POINT('',(-0.,-0.424264068712));
#2413 = VECTOR('',#2414,1.);
#2414 = DIRECTION('',(-1.,0.));
#2415 = ( GEOMETRIC_REPRESENTATION_CONTEXT(2) 
PARAMETRIC_REPRESENTATION_CONTEXT() REPRESENTATION_CONTEXT('2D SPACE',''
  ) );
#2416 = ORIENTED_EDGE('',*,*,#2417,.T.);
#2417 = EDGE_CURVE('',#2388,#2418,#2420,.T.);
#2418 = VERTEX_POINT('',#2419);
#2419 = CARTESIAN_POINT('',(40.4,44.808296844003,24.665009175595));
#2420 = SURFACE_CURVE('',#2421,(#2425,#2432),.PCURVE_S1.);
#2421 = LINE('',#2422,#2423);
#2422 = CARTESIAN_POINT('',(40.4,44.808296844003,0.));
#2423 = VECTOR('',#2424,1.);
#2424 = DIRECTION('',(0.,0.,1.));
#2425 = PCURVE('',#917,#2426);
#2426 = DEFINITIONAL_REPRESENTATION('',(#2427),#2431);
#2427 = LINE('',#2428,#2429);
#2428 = CARTESIAN_POINT('',(6.,0.));
#2429 = VECTOR('',#2430,1.);
#2430 = DIRECTION('',(0.,-1.));
#2431 = ( GEOMETRIC_REPRESENTATION_CONTEXT(2) 
PARAMETRIC_REPRESENTATION_CONTEXT() REPRESENTATION_CONTEXT('2D SPACE',''
  ) );
#2432 = PCURVE('',#1742,#2433);
#2433 = DEFINITIONAL_REPRESENTATION('',(#2434),#2438);
#2434 = LINE('',#2435,#2436);
#2435 = CARTESIAN_POINT('',(1.570796326795,0.));
#2436 = VECTOR('',#2437,1.);
#2437 = DIRECTION('',(0.,1.));
#2438 = ( GEOMETRIC_REPRESENTATION_CONTEXT(2) 
PARAMETRIC_REPRESENTATION_CONTEXT() REPRESENTATION_CONTEXT('2D SPACE',''
  ) );
#2439 = ORIENTED_EDGE('',*,*,#2440,.F.);
#2440 = EDGE_CURVE('',#2441,#2418,#2443,.T.);
#2441 = VERTEX_POINT('',#2442);
#2442 = CARTESIAN_POINT('',(7.,44.808296844003,24.665009175595));
#2443 = SURFACE_CURVE('',#2444,(#2448,#2454),.PCURVE_S1.);
#2444 = LINE('',#2445,#2446);
#2445 = CARTESIAN_POINT('',(23.2,44.808296844003,24.665009175595));
#2446 = VECTOR('',#2447,1.);
#2447 = DIRECTION('',(1.,0.,-0.));
#2448 = PCURVE('',#917,#2449);
#2449 = DEFINITIONAL_REPRESENTATION('',(#2450),#2453);
#2450 = B_SPLINE_CURVE_WITH_KNOTS('',1,(#2451,#2452),.UNSPECIFIED.,.F.,
  .F.,(2,2),(-16.2,17.2),.PIECEWISE_BEZIER_KNOTS.);
#2451 = CARTESIAN_POINT('',(39.4,-24.66500917559));
#2452 = CARTESIAN_POINT('',(6.,-24.66500917559));
#2453 = ( GEOMETRIC_REPRESENTATION_CONTEXT(2) 
PARAMETRIC_REPRESENTATION_CONTEXT() REPRESENTATION_CONTEXT('2D SPACE',''
  ) );
#2454 = PCURVE('',#1770,#2455);
#2455 = DEFINITIONAL_REPRESENTATION('',(#2456),#2459);
#2456 = B_SPLINE_CURVE_WITH_KNOTS('',1,(#2457,#2458),.UNSPECIFIED.,.F.,
  .F.,(2,2),(-16.2,17.2),.PIECEWISE_BEZIER_KNOTS.);
#2457 = CARTESIAN_POINT('',(15.,-7.));
#2458 = CARTESIAN_POINT('',(15.,-40.4));
#2459 = ( GEOMETRIC_REPRESENTATION_CONTEXT(2) 
PARAMETRIC_REPRESENTATION_CONTEXT() REPRESENTATION_CONTEXT('2D SPACE',''
  ) );
#2460 = ORIENTED_EDGE('',*,*,#2461,.T.);
#2461 = EDGE_CURVE('',#2441,#2462,#2464,.T.);
#2462 = VERTEX_POINT('',#2463);
#2463 = CARTESIAN_POINT('',(7.,44.808296844003,14.288425171122));
#2464 = SURFACE_CURVE('',#2465,(#2469,#2475),.PCURVE_S1.);
#2465 = LINE('',#2466,#2467);
#2466 = CARTESIAN_POINT('',(7.,44.808296844003,13.726508108553));
#2467 = VECTOR('',#2468,1.);
#2468 = DIRECTION('',(0.,0.,-1.));
#2469 = PCURVE('',#917,#2470);
#2470 = DEFINITIONAL_REPRESENTATION('',(#2471),#2474);
#2471 = B_SPLINE_CURVE_WITH_KNOTS('',1,(#2472,#2473),.UNSPECIFIED.,.F.,
  .F.,(2,2),(-10.93850106704,-0.561917062569),.PIECEWISE_BEZIER_KNOTS.);
#2472 = CARTESIAN_POINT('',(39.4,-24.66500917559));
#2473 = CARTESIAN_POINT('',(39.4,-14.28842517112));
#2474 = ( GEOMETRIC_REPRESENTATION_CONTEXT(2) 
PARAMETRIC_REPRESENTATION_CONTEXT() REPRESENTATION_CONTEXT('2D SPACE',''
  ) );
#2475 = PCURVE('',#2132,#2476);
#2476 = DEFINITIONAL_REPRESENTATION('',(#2477),#2480);
#2477 = B_SPLINE_CURVE_WITH_KNOTS('',1,(#2478,#2479),.UNSPECIFIED.,.F.,
  .F.,(2,2),(-10.93850106704,-0.561917062569),.PIECEWISE_BEZIER_KNOTS.);
#2478 = CARTESIAN_POINT('',(8.5,-17.));
#2479 = CARTESIAN_POINT('',(5.551115123126E-17,-22.95176407478));
#2480 = ( GEOMETRIC_REPRESENTATION_CONTEXT(2) 
PARAMETRIC_REPRESENTATION_CONTEXT() REPRESENTATION_CONTEXT('2D SPACE',''
  ) );
#2481 = ORIENTED_EDGE('',*,*,#2482,.F.);
#2482 = EDGE_CURVE('',#2483,#2462,#2485,.T.);
#2483 = VERTEX_POINT('',#2484);
#2484 = CARTESIAN_POINT('',(-7.,44.808296844003,14.288425171122));
#2485 = SURFACE_CURVE('',#2486,(#2490,#2496),.PCURVE_S1.);
#2486 = LINE('',#2487,#2488);
#2487 = CARTESIAN_POINT('',(19.7,44.808296844003,14.288425171122));
#2488 = VECTOR('',#2489,1.);
#2489 = DIRECTION('',(1.,0.,-0.));
#2490 = PCURVE('',#917,#2491);
#2491 = DEFINITIONAL_REPRESENTATION('',(#2492),#2495);
#2492 = B_SPLINE_CURVE_WITH_KNOTS('',1,(#2493,#2494),.UNSPECIFIED.,.F.,
  .F.,(2,2),(-26.7,-12.7),.PIECEWISE_BEZIER_KNOTS.);
#2493 = CARTESIAN_POINT('',(53.4,-14.28842517112));
#2494 = CARTESIAN_POINT('',(39.4,-14.28842517112));
#2495 = ( GEOMETRIC_REPRESENTATION_CONTEXT(2) 
PARAMETRIC_REPRESENTATION_CONTEXT() REPRESENTATION_CONTEXT('2D SPACE',''
  ) );
#2496 = PCURVE('',#2104,#2497);
#2497 = DEFINITIONAL_REPRESENTATION('',(#2498),#2501);
#2498 = B_SPLINE_CURVE_WITH_KNOTS('',1,(#2499,#2500),.UNSPECIFIED.,.F.,
  .F.,(2,2),(-26.7,-12.7),.PIECEWISE_BEZIER_KNOTS.);
#2499 = CARTESIAN_POINT('',(0.,22.951764074783));
#2500 = CARTESIAN_POINT('',(14.,22.951764074783));
#2501 = ( GEOMETRIC_REPRESENTATION_CONTEXT(2) 
PARAMETRIC_REPRESENTATION_CONTEXT() REPRESENTATION_CONTEXT('2D SPACE',''
  ) );
#2502 = ORIENTED_EDGE('',*,*,#2503,.F.);
#2503 = EDGE_CURVE('',#875,#2483,#2504,.T.);
#2504 = SURFACE_CURVE('',#2505,(#2509,#2515),.PCURVE_S1.);
#2505 = LINE('',#2506,#2507);
#2506 = CARTESIAN_POINT('',(-7.,44.808296844003,13.726508108553));
#2507 = VECTOR('',#2508,1.);
#2508 = DIRECTION('',(0.,0.,-1.));
#2509 = PCURVE('',#917,#2510);
#2510 = DEFINITIONAL_REPRESENTATION('',(#2511),#2514);
#2511 = B_SPLINE_CURVE_WITH_KNOTS('',1,(#2512,#2513),.UNSPECIFIED.,.F.,
  .F.,(2,2),(-10.93850106704,-0.561917062569),.PIECEWISE_BEZIER_KNOTS.);
#2512 = CARTESIAN_POINT('',(53.4,-24.66500917559));
#2513 = CARTESIAN_POINT('',(53.4,-14.28842517112));
#2514 = ( GEOMETRIC_REPRESENTATION_CONTEXT(2) 
PARAMETRIC_REPRESENTATION_CONTEXT() REPRESENTATION_CONTEXT('2D SPACE',''
  ) );
#2515 = PCURVE('',#890,#2516);
#2516 = DEFINITIONAL_REPRESENTATION('',(#2517),#2520);
#2517 = B_SPLINE_CURVE_WITH_KNOTS('',1,(#2518,#2519),.UNSPECIFIED.,.F.,
  .F.,(2,2),(-10.93850106704,-0.561917062569),.PIECEWISE_BEZIER_KNOTS.);
#2518 = CARTESIAN_POINT('',(8.5,-17.));
#2519 = CARTESIAN_POINT('',(5.551115123126E-17,-22.95176407478));
#2520 = ( GEOMETRIC_REPRESENTATION_CONTEXT(2) 
PARAMETRIC_REPRESENTATION_CONTEXT() REPRESENTATION_CONTEXT('2D SPACE',''
  ) );
#2521 = ORIENTED_EDGE('',*,*,#902,.F.);
#2522 = ORIENTED_EDGE('',*,*,#1010,.F.);
#2523 = ORIENTED_EDGE('',*,*,#2524,.F.);
#2524 = EDGE_CURVE('',#2525,#1011,#2527,.T.);
#2525 = VERTEX_POINT('',#2526);
#2526 = CARTESIAN_POINT('',(-7.,44.808296844003,0.6));
#2527 = SURFACE_CURVE('',#2528,(#2532,#2539),.PCURVE_S1.);
#2528 = LINE('',#2529,#2530);
#2529 = CARTESIAN_POINT('',(40.4,44.808296844003,0.6));
#2530 = VECTOR('',#2531,1.);
#2531 = DIRECTION('',(-1.,0.,0.));
#2532 = PCURVE('',#917,#2533);
#2533 = DEFINITIONAL_REPRESENTATION('',(#2534),#2538);
#2534 = LINE('',#2535,#2536);
#2535 = CARTESIAN_POINT('',(6.,-0.6));
#2536 = VECTOR('',#2537,1.);
#2537 = DIRECTION('',(1.,0.));
#2538 = ( GEOMETRIC_REPRESENTATION_CONTEXT(2) 
PARAMETRIC_REPRESENTATION_CONTEXT() REPRESENTATION_CONTEXT('2D SPACE',''
  ) );
#2539 = PCURVE('',#2540,#2545);
#2540 = PLANE('',#2541);
#2541 = AXIS2_PLACEMENT_3D('',#2542,#2543,#2544);
#2542 = CARTESIAN_POINT('',(40.4,44.508296844003,0.3));
#2543 = DIRECTION('',(0.,0.707106781187,-0.707106781187));
#2544 = DIRECTION('',(1.,-0.,-0.));
#2545 = DEFINITIONAL_REPRESENTATION('',(#2546),#2550);
#2546 = LINE('',#2547,#2548);
#2547 = CARTESIAN_POINT('',(-0.,-0.424264068712));
#2548 = VECTOR('',#2549,1.);
#2549 = DIRECTION('',(-1.,0.));
#2550 = ( GEOMETRIC_REPRESENTATION_CONTEXT(2) 
PARAMETRIC_REPRESENTATION_CONTEXT() REPRESENTATION_CONTEXT('2D SPACE',''
  ) );
#2551 = ORIENTED_EDGE('',*,*,#2552,.T.);
#2552 = EDGE_CURVE('',#2525,#2553,#2555,.T.);
#2553 = VERTEX_POINT('',#2554);
#2554 = CARTESIAN_POINT('',(-7.,44.808296844003,9.));
#2555 = SURFACE_CURVE('',#2556,(#2559,#2565),.PCURVE_S1.);
#2556 = B_SPLINE_CURVE_WITH_KNOTS('',1,(#2557,#2558),.UNSPECIFIED.,.F.,
  .F.,(2,2),(0.,1.),.PIECEWISE_BEZIER_KNOTS.);
#2557 = CARTESIAN_POINT('',(-7.,44.808296844003,0.6));
#2558 = CARTESIAN_POINT('',(-7.,44.808296844003,9.));
#2559 = PCURVE('',#917,#2560);
#2560 = DEFINITIONAL_REPRESENTATION('',(#2561),#2564);
#2561 = B_SPLINE_CURVE_WITH_KNOTS('',1,(#2562,#2563),.UNSPECIFIED.,.F.,
  .F.,(2,2),(0.,1.),.PIECEWISE_BEZIER_KNOTS.);
#2562 = CARTESIAN_POINT('',(53.4,-0.6));
#2563 = CARTESIAN_POINT('',(53.4,-9.));
#2564 = ( GEOMETRIC_REPRESENTATION_CONTEXT(2) 
PARAMETRIC_REPRESENTATION_CONTEXT() REPRESENTATION_CONTEXT('2D SPACE',''
  ) );
#2565 = PCURVE('',#2566,#2571);
#2566 = B_SPLINE_SURFACE_WITH_KNOTS('',1,1,(
    (#2567,#2568)
    ,(#2569,#2570
    )),.UNSPECIFIED.,.F.,.F.,.F.,(2,2),(2,2),(0.,19.),(0.,1.),
  .PIECEWISE_BEZIER_KNOTS.);
#2567 = CARTESIAN_POINT('',(-7.5,45.808296844003,9.5));
#2568 = CARTESIAN_POINT('',(-3.5,37.808296844003,5.5));
#2569 = CARTESIAN_POINT('',(-7.5,45.808296844003,-9.5));
#2570 = CARTESIAN_POINT('',(-3.5,37.808296844003,-5.5));
#2571 = DEFINITIONAL_REPRESENTATION('',(#2572),#2575);
#2572 = B_SPLINE_CURVE_WITH_KNOTS('',1,(#2573,#2574),.UNSPECIFIED.,.F.,
  .F.,(2,2),(0.,1.),.PIECEWISE_BEZIER_KNOTS.);
#2573 = CARTESIAN_POINT('',(8.866666666667,0.125));
#2574 = CARTESIAN_POINT('',(0.,0.125));
#2575 = ( GEOMETRIC_REPRESENTATION_CONTEXT(2) 
PARAMETRIC_REPRESENTATION_CONTEXT() REPRESENTATION_CONTEXT('2D SPACE',''
  ) );
#2576 = ORIENTED_EDGE('',*,*,#2577,.T.);
#2577 = EDGE_CURVE('',#2553,#2578,#2580,.T.);
#2578 = VERTEX_POINT('',#2579);
#2579 = CARTESIAN_POINT('',(7.,44.808296844003,9.));
#2580 = SURFACE_CURVE('',#2581,(#2584,#2590),.PCURVE_S1.);
#2581 = B_SPLINE_CURVE_WITH_KNOTS('',1,(#2582,#2583),.UNSPECIFIED.,.F.,
  .F.,(2,2),(0.,1.),.PIECEWISE_BEZIER_KNOTS.);
#2582 = CARTESIAN_POINT('',(-7.,44.808296844003,9.));
#2583 = CARTESIAN_POINT('',(7.,44.808296844003,9.));
#2584 = PCURVE('',#917,#2585);
#2585 = DEFINITIONAL_REPRESENTATION('',(#2586),#2589);
#2586 = B_SPLINE_CURVE_WITH_KNOTS('',1,(#2587,#2588),.UNSPECIFIED.,.F.,
  .F.,(2,2),(0.,1.),.PIECEWISE_BEZIER_KNOTS.);
#2587 = CARTESIAN_POINT('',(53.4,-9.));
#2588 = CARTESIAN_POINT('',(39.4,-9.));
#2589 = ( GEOMETRIC_REPRESENTATION_CONTEXT(2) 
PARAMETRIC_REPRESENTATION_CONTEXT() REPRESENTATION_CONTEXT('2D SPACE',''
  ) );
#2590 = PCURVE('',#2591,#2596);
#2591 = B_SPLINE_SURFACE_WITH_KNOTS('',1,1,(
    (#2592,#2593)
    ,(#2594,#2595
    )),.UNSPECIFIED.,.F.,.F.,.F.,(2,2),(2,2),(0.,15.),(0.,1.),
  .PIECEWISE_BEZIER_KNOTS.);
#2592 = CARTESIAN_POINT('',(7.5,45.808296844003,9.5));
#2593 = CARTESIAN_POINT('',(3.5,37.808296844003,5.5));
#2594 = CARTESIAN_POINT('',(-7.5,45.808296844003,9.5));
#2595 = CARTESIAN_POINT('',(-3.5,37.808296844003,5.5));
#2596 = DEFINITIONAL_REPRESENTATION('',(#2597),#2600);
#2597 = B_SPLINE_CURVE_WITH_KNOTS('',1,(#2598,#2599),.UNSPECIFIED.,.F.,
  .F.,(2,2),(0.,1.),.PIECEWISE_BEZIER_KNOTS.);
#2598 = CARTESIAN_POINT('',(15.,0.125));
#2599 = CARTESIAN_POINT('',(0.,0.125));
#2600 = ( GEOMETRIC_REPRESENTATION_CONTEXT(2) 
PARAMETRIC_REPRESENTATION_CONTEXT() REPRESENTATION_CONTEXT('2D SPACE',''
  ) );
#2601 = ORIENTED_EDGE('',*,*,#2602,.T.);
#2602 = EDGE_CURVE('',#2578,#2390,#2603,.T.);
#2603 = SURFACE_CURVE('',#2604,(#2607,#2613),.PCURVE_S1.);
#2604 = B_SPLINE_CURVE_WITH_KNOTS('',1,(#2605,#2606),.UNSPECIFIED.,.F.,
  .F.,(2,2),(0.,1.),.PIECEWISE_BEZIER_KNOTS.);
#2605 = CARTESIAN_POINT('',(7.,44.808296844003,9.));
#2606 = CARTESIAN_POINT('',(7.,44.808296844003,0.6));
#2607 = PCURVE('',#917,#2608);
#2608 = DEFINITIONAL_REPRESENTATION('',(#2609),#2612);
#2609 = B_SPLINE_CURVE_WITH_KNOTS('',1,(#2610,#2611),.UNSPECIFIED.,.F.,
  .F.,(2,2),(0.,1.),.PIECEWISE_BEZIER_KNOTS.);
#2610 = CARTESIAN_POINT('',(39.4,-9.));
#2611 = CARTESIAN_POINT('',(39.4,-0.6));
#2612 = ( GEOMETRIC_REPRESENTATION_CONTEXT(2) 
PARAMETRIC_REPRESENTATION_CONTEXT() REPRESENTATION_CONTEXT('2D SPACE',''
  ) );
#2613 = PCURVE('',#2614,#2619);
#2614 = B_SPLINE_SURFACE_WITH_KNOTS('',1,1,(
    (#2615,#2616)
    ,(#2617,#2618
    )),.UNSPECIFIED.,.F.,.F.,.F.,(2,2),(2,2),(0.,19.),(0.,1.),
  .PIECEWISE_BEZIER_KNOTS.);
#2615 = CARTESIAN_POINT('',(7.5,45.808296844003,-9.5));
#2616 = CARTESIAN_POINT('',(3.5,37.808296844003,-5.5));
#2617 = CARTESIAN_POINT('',(7.5,45.808296844003,9.5));
#2618 = CARTESIAN_POINT('',(3.5,37.808296844003,5.5));
#2619 = DEFINITIONAL_REPRESENTATION('',(#2620),#2623);
#2620 = B_SPLINE_CURVE_WITH_KNOTS('',1,(#2621,#2622),.UNSPECIFIED.,.F.,
  .F.,(2,2),(0.,1.),.PIECEWISE_BEZIER_KNOTS.);
#2621 = CARTESIAN_POINT('',(19.,0.125));
#2622 = CARTESIAN_POINT('',(10.133333333333,0.125));
#2623 = ( GEOMETRIC_REPRESENTATION_CONTEXT(2) 
PARAMETRIC_REPRESENTATION_CONTEXT() REPRESENTATION_CONTEXT('2D SPACE',''
  ) );
#2624 = ADVANCED_FACE('',(#2625),#890,.T.);
#2625 = FACE_BOUND('',#2626,.T.);
#2626 = EDGE_LOOP('',(#2627,#2628,#2629,#2650));
#2627 = ORIENTED_EDGE('',*,*,#874,.F.);
#2628 = ORIENTED_EDGE('',*,*,#2065,.T.);
#2629 = ORIENTED_EDGE('',*,*,#2630,.T.);
#2630 = EDGE_CURVE('',#2066,#2483,#2631,.T.);
#2631 = SURFACE_CURVE('',#2632,(#2636,#2643),.PCURVE_S1.);
#2632 = LINE('',#2633,#2634);
#2633 = CARTESIAN_POINT('',(-7.,26.007312382106,27.453016217106));
#2634 = VECTOR('',#2635,1.);
#2635 = DIRECTION('',(0.,0.819152044289,-0.573576436351));
#2636 = PCURVE('',#890,#2637);
#2637 = DEFINITIONAL_REPRESENTATION('',(#2638),#2642);
#2638 = LINE('',#2639,#2640);
#2639 = CARTESIAN_POINT('',(0.,0.));
#2640 = VECTOR('',#2641,1.);
#2641 = DIRECTION('',(0.,-1.));
#2642 = ( GEOMETRIC_REPRESENTATION_CONTEXT(2) 
PARAMETRIC_REPRESENTATION_CONTEXT() REPRESENTATION_CONTEXT('2D SPACE',''
  ) );
#2643 = PCURVE('',#2104,#2644);
#2644 = DEFINITIONAL_REPRESENTATION('',(#2645),#2649);
#2645 = LINE('',#2646,#2647);
#2646 = CARTESIAN_POINT('',(0.,0.));
#2647 = VECTOR('',#2648,1.);
#2648 = DIRECTION('',(0.,1.));
#2649 = ( GEOMETRIC_REPRESENTATION_CONTEXT(2) 
PARAMETRIC_REPRESENTATION_CONTEXT() REPRESENTATION_CONTEXT('2D SPACE',''
  ) );
#2650 = ORIENTED_EDGE('',*,*,#2503,.F.);
#2651 = ADVANCED_FACE('',(#2652),#1048,.T.);
#2652 = FACE_BOUND('',#2653,.F.);
#2653 = EDGE_LOOP('',(#2654,#2675,#2676,#2677));
#2654 = ORIENTED_EDGE('',*,*,#2655,.F.);
#2655 = EDGE_CURVE('',#1011,#2656,#2658,.T.);
#2656 = VERTEX_POINT('',#2657);
#2657 = CARTESIAN_POINT('',(-40.4,44.208296844003,-4.107825191113E-15));
#2658 = SURFACE_CURVE('',#2659,(#2663,#2669),.PCURVE_S1.);
#2659 = LINE('',#2660,#2661);
#2660 = CARTESIAN_POINT('',(-40.4,44.508296844003,0.3));
#2661 = VECTOR('',#2662,1.);
#2662 = DIRECTION('',(-0.,-0.707106781187,-0.707106781187));
#2663 = PCURVE('',#1048,#2664);
#2664 = DEFINITIONAL_REPRESENTATION('',(#2665),#2668);
#2665 = B_SPLINE_CURVE_WITH_KNOTS('',1,(#2666,#2667),.UNSPECIFIED.,.F.,
  .F.,(2,2),(-0.424264068712,0.424264068712),.PIECEWISE_BEZIER_KNOTS.);
#2666 = CARTESIAN_POINT('',(0.,0.));
#2667 = CARTESIAN_POINT('',(0.,-0.6));
#2668 = ( GEOMETRIC_REPRESENTATION_CONTEXT(2) 
PARAMETRIC_REPRESENTATION_CONTEXT() REPRESENTATION_CONTEXT('2D SPACE',''
  ) );
#2669 = PCURVE('',#2540,#2670);
#2670 = DEFINITIONAL_REPRESENTATION('',(#2671),#2674);
#2671 = B_SPLINE_CURVE_WITH_KNOTS('',1,(#2672,#2673),.UNSPECIFIED.,.F.,
  .F.,(2,2),(-0.424264068712,0.424264068712),.PIECEWISE_BEZIER_KNOTS.);
#2672 = CARTESIAN_POINT('',(-80.8,-0.424264068712));
#2673 = CARTESIAN_POINT('',(-80.8,0.424264068712));
#2674 = ( GEOMETRIC_REPRESENTATION_CONTEXT(2) 
PARAMETRIC_REPRESENTATION_CONTEXT() REPRESENTATION_CONTEXT('2D SPACE',''
  ) );
#2675 = ORIENTED_EDGE('',*,*,#1033,.T.);
#2676 = ORIENTED_EDGE('',*,*,#1065,.T.);
#2677 = ORIENTED_EDGE('',*,*,#2678,.F.);
#2678 = EDGE_CURVE('',#2656,#1066,#2679,.T.);
#2679 = SURFACE_CURVE('',#2680,(#2685,#2692),.PCURVE_S1.);
#2680 = CIRCLE('',#2681,5.4);
#2681 = AXIS2_PLACEMENT_3D('',#2682,#2683,#2684);
#2682 = CARTESIAN_POINT('',(-40.4,38.808296844003,0.));
#2683 = DIRECTION('',(0.,-0.,1.));
#2684 = DIRECTION('',(0.,1.,0.));
#2685 = PCURVE('',#1048,#2686);
#2686 = DEFINITIONAL_REPRESENTATION('',(#2687),#2691);
#2687 = LINE('',#2688,#2689);
#2688 = CARTESIAN_POINT('',(0.,-0.6));
#2689 = VECTOR('',#2690,1.);
#2690 = DIRECTION('',(1.,-0.));
#2691 = ( GEOMETRIC_REPRESENTATION_CONTEXT(2) 
PARAMETRIC_REPRESENTATION_CONTEXT() REPRESENTATION_CONTEXT('2D SPACE',''
  ) );
#2692 = PCURVE('',#1127,#2693);
#2693 = DEFINITIONAL_REPRESENTATION('',(#2694),#2698);
#2694 = CIRCLE('',#2695,5.4);
#2695 = AXIS2_PLACEMENT_2D('',#2696,#2697);
#2696 = CARTESIAN_POINT('',(-40.4,41.053966239559));
#2697 = DIRECTION('',(0.,1.));
#2698 = ( GEOMETRIC_REPRESENTATION_CONTEXT(2) 
PARAMETRIC_REPRESENTATION_CONTEXT() REPRESENTATION_CONTEXT('2D SPACE',''
  ) );
#2699 = ADVANCED_FACE('',(#2700),#1102,.T.);
#2700 = FACE_BOUND('',#2701,.F.);
#2701 = EDGE_LOOP('',(#2702,#2703,#2704,#2730));
#2702 = ORIENTED_EDGE('',*,*,#1087,.F.);
#2703 = ORIENTED_EDGE('',*,*,#1172,.T.);
#2704 = ORIENTED_EDGE('',*,*,#2705,.T.);
#2705 = EDGE_CURVE('',#1143,#2706,#2708,.T.);
#2706 = VERTEX_POINT('',#2707);
#2707 = CARTESIAN_POINT('',(-40.4,-48.69963563511,-4.107825191113E-15));
#2708 = SURFACE_CURVE('',#2709,(#2713,#2719),.PCURVE_S1.);
#2709 = LINE('',#2710,#2711);
#2710 = CARTESIAN_POINT('',(-40.4,-48.99963563511,0.3));
#2711 = VECTOR('',#2712,1.);
#2712 = DIRECTION('',(-0.,0.707106781187,-0.707106781187));
#2713 = PCURVE('',#1102,#2714);
#2714 = DEFINITIONAL_REPRESENTATION('',(#2715),#2718);
#2715 = B_SPLINE_CURVE_WITH_KNOTS('',1,(#2716,#2717),.UNSPECIFIED.,.F.,
  .F.,(2,2),(-0.424264068712,0.424264068712),.PIECEWISE_BEZIER_KNOTS.);
#2716 = CARTESIAN_POINT('',(1.570796326795,0.));
#2717 = CARTESIAN_POINT('',(1.570796326795,-0.6));
#2718 = ( GEOMETRIC_REPRESENTATION_CONTEXT(2) 
PARAMETRIC_REPRESENTATION_CONTEXT() REPRESENTATION_CONTEXT('2D SPACE',''
  ) );
#2719 = PCURVE('',#2720,#2725);
#2720 = PLANE('',#2721);
#2721 = AXIS2_PLACEMENT_3D('',#2722,#2723,#2724);
#2722 = CARTESIAN_POINT('',(-40.4,-48.99963563511,0.3));
#2723 = DIRECTION('',(0.,-0.707106781187,-0.707106781187));
#2724 = DIRECTION('',(-1.,-0.,-0.));
#2725 = DEFINITIONAL_REPRESENTATION('',(#2726),#2729);
#2726 = B_SPLINE_CURVE_WITH_KNOTS('',1,(#2727,#2728),.UNSPECIFIED.,.F.,
  .F.,(2,2),(-0.424264068712,0.424264068712),.PIECEWISE_BEZIER_KNOTS.);
#2727 = CARTESIAN_POINT('',(0.,-0.424264068712));
#2728 = CARTESIAN_POINT('',(0.,0.424264068712));
#2729 = ( GEOMETRIC_REPRESENTATION_CONTEXT(2) 
PARAMETRIC_REPRESENTATION_CONTEXT() REPRESENTATION_CONTEXT('2D SPACE',''
  ) );
#2730 = ORIENTED_EDGE('',*,*,#2731,.F.);
#2731 = EDGE_CURVE('',#1088,#2706,#2732,.T.);
#2732 = SURFACE_CURVE('',#2733,(#2738,#2745),.PCURVE_S1.);
#2733 = CIRCLE('',#2734,5.4);
#2734 = AXIS2_PLACEMENT_3D('',#2735,#2736,#2737);
#2735 = CARTESIAN_POINT('',(-40.4,-43.29963563511,0.));
#2736 = DIRECTION('',(0.,0.,1.));
#2737 = DIRECTION('',(-1.,0.,0.));
#2738 = PCURVE('',#1102,#2739);
#2739 = DEFINITIONAL_REPRESENTATION('',(#2740),#2744);
#2740 = LINE('',#2741,#2742);
#2741 = CARTESIAN_POINT('',(0.,-0.6));
#2742 = VECTOR('',#2743,1.);
#2743 = DIRECTION('',(1.,-0.));
#2744 = ( GEOMETRIC_REPRESENTATION_CONTEXT(2) 
PARAMETRIC_REPRESENTATION_CONTEXT() REPRESENTATION_CONTEXT('2D SPACE',''
  ) );
#2745 = PCURVE('',#1127,#2746);
#2746 = DEFINITIONAL_REPRESENTATION('',(#2747),#2751);
#2747 = CIRCLE('',#2748,5.4);
#2748 = AXIS2_PLACEMENT_2D('',#2749,#2750);
#2749 = CARTESIAN_POINT('',(-40.4,-41.05396623955));
#2750 = DIRECTION('',(-1.,0.));
#2751 = ( GEOMETRIC_REPRESENTATION_CONTEXT(2) 
PARAMETRIC_REPRESENTATION_CONTEXT() REPRESENTATION_CONTEXT('2D SPACE',''
  ) );
#2752 = ADVANCED_FACE('',(#2753,#2868,#2903),#1127,.F.);
#2753 = FACE_BOUND('',#2754,.F.);
#2754 = EDGE_LOOP('',(#2755,#2777,#2798,#2799,#2800,#2801,#2824,#2844));
#2755 = ORIENTED_EDGE('',*,*,#2756,.F.);
#2756 = EDGE_CURVE('',#2757,#2759,#2761,.T.);
#2757 = VERTEX_POINT('',#2758);
#2758 = CARTESIAN_POINT('',(-6.7,44.208296844003,0.));
#2759 = VERTEX_POINT('',#2760);
#2760 = CARTESIAN_POINT('',(-3.5,37.808296844003,0.));
#2761 = SURFACE_CURVE('',#2762,(#2765,#2771),.PCURVE_S1.);
#2762 = B_SPLINE_CURVE_WITH_KNOTS('',1,(#2763,#2764),.UNSPECIFIED.,.F.,
  .F.,(2,2),(0.,1.),.PIECEWISE_BEZIER_KNOTS.);
#2763 = CARTESIAN_POINT('',(-6.7,44.208296844003,0.));
#2764 = CARTESIAN_POINT('',(-3.5,37.808296844003,0.));
#2765 = PCURVE('',#1127,#2766);
#2766 = DEFINITIONAL_REPRESENTATION('',(#2767),#2770);
#2767 = B_SPLINE_CURVE_WITH_KNOTS('',1,(#2768,#2769),.UNSPECIFIED.,.F.,
  .F.,(2,2),(0.,1.),.PIECEWISE_BEZIER_KNOTS.);
#2768 = CARTESIAN_POINT('',(-6.7,46.453966239559));
#2769 = CARTESIAN_POINT('',(-3.5,40.053966239559));
#2770 = ( GEOMETRIC_REPRESENTATION_CONTEXT(2) 
PARAMETRIC_REPRESENTATION_CONTEXT() REPRESENTATION_CONTEXT('2D SPACE',''
  ) );
#2771 = PCURVE('',#2566,#2772);
#2772 = DEFINITIONAL_REPRESENTATION('',(#2773),#2776);
#2773 = B_SPLINE_CURVE_WITH_KNOTS('',1,(#2774,#2775),.UNSPECIFIED.,.F.,
  .F.,(2,2),(0.,1.),.PIECEWISE_BEZIER_KNOTS.);
#2774 = CARTESIAN_POINT('',(9.5,0.2));
#2775 = CARTESIAN_POINT('',(9.5,1.));
#2776 = ( GEOMETRIC_REPRESENTATION_CONTEXT(2) 
PARAMETRIC_REPRESENTATION_CONTEXT() REPRESENTATION_CONTEXT('2D SPACE',''
  ) );
#2777 = ORIENTED_EDGE('',*,*,#2778,.T.);
#2778 = EDGE_CURVE('',#2757,#2656,#2779,.T.);
#2779 = SURFACE_CURVE('',#2780,(#2784,#2791),.PCURVE_S1.);
#2780 = LINE('',#2781,#2782);
#2781 = CARTESIAN_POINT('',(40.4,44.208296844003,0.));
#2782 = VECTOR('',#2783,1.);
#2783 = DIRECTION('',(-1.,0.,0.));
#2784 = PCURVE('',#1127,#2785);
#2785 = DEFINITIONAL_REPRESENTATION('',(#2786),#2790);
#2786 = LINE('',#2787,#2788);
#2787 = CARTESIAN_POINT('',(40.4,46.453966239559));
#2788 = VECTOR('',#2789,1.);
#2789 = DIRECTION('',(-1.,0.));
#2790 = ( GEOMETRIC_REPRESENTATION_CONTEXT(2) 
PARAMETRIC_REPRESENTATION_CONTEXT() REPRESENTATION_CONTEXT('2D SPACE',''
  ) );
#2791 = PCURVE('',#2540,#2792);
#2792 = DEFINITIONAL_REPRESENTATION('',(#2793),#2797);
#2793 = LINE('',#2794,#2795);
#2794 = CARTESIAN_POINT('',(-0.,0.424264068712));
#2795 = VECTOR('',#2796,1.);
#2796 = DIRECTION('',(-1.,0.));
#2797 = ( GEOMETRIC_REPRESENTATION_CONTEXT(2) 
PARAMETRIC_REPRESENTATION_CONTEXT() REPRESENTATION_CONTEXT('2D SPACE',''
  ) );
#2798 = ORIENTED_EDGE('',*,*,#2678,.T.);
#2799 = ORIENTED_EDGE('',*,*,#1113,.T.);
#2800 = ORIENTED_EDGE('',*,*,#2731,.T.);
#2801 = ORIENTED_EDGE('',*,*,#2802,.T.);
#2802 = EDGE_CURVE('',#2706,#2803,#2805,.T.);
#2803 = VERTEX_POINT('',#2804);
#2804 = CARTESIAN_POINT('',(-5.814285714286,-48.69963563511,0.));
#2805 = SURFACE_CURVE('',#2806,(#2810,#2817),.PCURVE_S1.);
#2806 = LINE('',#2807,#2808);
#2807 = CARTESIAN_POINT('',(-40.4,-48.69963563511,0.));
#2808 = VECTOR('',#2809,1.);
#2809 = DIRECTION('',(1.,0.,0.));
#2810 = PCURVE('',#1127,#2811);
#2811 = DEFINITIONAL_REPRESENTATION('',(#2812),#2816);
#2812 = LINE('',#2813,#2814);
#2813 = CARTESIAN_POINT('',(-40.4,-46.45396623955));
#2814 = VECTOR('',#2815,1.);
#2815 = DIRECTION('',(1.,0.));
#2816 = ( GEOMETRIC_REPRESENTATION_CONTEXT(2) 
PARAMETRIC_REPRESENTATION_CONTEXT() REPRESENTATION_CONTEXT('2D SPACE',''
  ) );
#2817 = PCURVE('',#2720,#2818);
#2818 = DEFINITIONAL_REPRESENTATION('',(#2819),#2823);
#2819 = LINE('',#2820,#2821);
#2820 = CARTESIAN_POINT('',(-0.,0.424264068712));
#2821 = VECTOR('',#2822,1.);
#2822 = DIRECTION('',(-1.,0.));
#2823 = ( GEOMETRIC_REPRESENTATION_CONTEXT(2) 
PARAMETRIC_REPRESENTATION_CONTEXT() REPRESENTATION_CONTEXT('2D SPACE',''
  ) );
#2824 = ORIENTED_EDGE('',*,*,#2825,.T.);
#2825 = EDGE_CURVE('',#2803,#2826,#2828,.T.);
#2826 = VERTEX_POINT('',#2827);
#2827 = CARTESIAN_POINT('',(-3.5,-43.29963563511,0.));
#2828 = SURFACE_CURVE('',#2829,(#2832,#2838),.PCURVE_S1.);
#2829 = B_SPLINE_CURVE_WITH_KNOTS('',1,(#2830,#2831),.UNSPECIFIED.,.F.,
  .F.,(2,2),(0.,1.),.PIECEWISE_BEZIER_KNOTS.);
#2830 = CARTESIAN_POINT('',(-5.814285714286,-48.69963563511,0.));
#2831 = CARTESIAN_POINT('',(-3.5,-43.29963563511,0.));
#2832 = PCURVE('',#1127,#2833);
#2833 = DEFINITIONAL_REPRESENTATION('',(#2834),#2837);
#2834 = B_SPLINE_CURVE_WITH_KNOTS('',1,(#2835,#2836),.UNSPECIFIED.,.F.,
  .F.,(2,2),(0.,1.),.PIECEWISE_BEZIER_KNOTS.);
#2835 = CARTESIAN_POINT('',(-5.814285714286,-46.45396623955));
#2836 = CARTESIAN_POINT('',(-3.5,-41.05396623955));
#2837 = ( GEOMETRIC_REPRESENTATION_CONTEXT(2) 
PARAMETRIC_REPRESENTATION_CONTEXT() REPRESENTATION_CONTEXT('2D SPACE',''
  ) );
#2838 = PCURVE('',#1447,#2839);
#2839 = DEFINITIONAL_REPRESENTATION('',(#2840),#2843);
#2840 = B_SPLINE_CURVE_WITH_KNOTS('',1,(#2841,#2842),.UNSPECIFIED.,.F.,
  .F.,(2,2),(0.,1.),.PIECEWISE_BEZIER_KNOTS.);
#2841 = CARTESIAN_POINT('',(8.5,0.228571428571));
#2842 = CARTESIAN_POINT('',(8.5,1.));
#2843 = ( GEOMETRIC_REPRESENTATION_CONTEXT(2) 
PARAMETRIC_REPRESENTATION_CONTEXT() REPRESENTATION_CONTEXT('2D SPACE',''
  ) );
#2844 = ORIENTED_EDGE('',*,*,#2845,.T.);
#2845 = EDGE_CURVE('',#2826,#2759,#2846,.T.);
#2846 = SURFACE_CURVE('',#2847,(#2851,#2857),.PCURVE_S1.);
#2847 = LINE('',#2848,#2849);
#2848 = CARTESIAN_POINT('',(-3.5,-26.77265251533,0.));
#2849 = VECTOR('',#2850,1.);
#2850 = DIRECTION('',(0.,1.,0.));
#2851 = PCURVE('',#1127,#2852);
#2852 = DEFINITIONAL_REPRESENTATION('',(#2853),#2856);
#2853 = B_SPLINE_CURVE_WITH_KNOTS('',1,(#2854,#2855),.UNSPECIFIED.,.F.,
  .F.,(2,2),(-21.92698311977,70.980949359338),.PIECEWISE_BEZIER_KNOTS.);
#2854 = CARTESIAN_POINT('',(-3.5,-46.45396623955));
#2855 = CARTESIAN_POINT('',(-3.5,46.453966239559));
#2856 = ( GEOMETRIC_REPRESENTATION_CONTEXT(2) 
PARAMETRIC_REPRESENTATION_CONTEXT() REPRESENTATION_CONTEXT('2D SPACE',''
  ) );
#2857 = PCURVE('',#2858,#2863);
#2858 = PLANE('',#2859);
#2859 = AXIS2_PLACEMENT_3D('',#2860,#2861,#2862);
#2860 = CARTESIAN_POINT('',(-3.5,-51.29963563511,-1.));
#2861 = DIRECTION('',(1.,0.,0.));
#2862 = DIRECTION('',(0.,0.,1.));
#2863 = DEFINITIONAL_REPRESENTATION('',(#2864),#2867);
#2864 = B_SPLINE_CURVE_WITH_KNOTS('',1,(#2865,#2866),.UNSPECIFIED.,.F.,
  .F.,(2,2),(-21.92698311977,70.980949359338),.PIECEWISE_BEZIER_KNOTS.);
#2865 = CARTESIAN_POINT('',(1.,-2.6));
#2866 = CARTESIAN_POINT('',(1.,-95.50793247911));
#2867 = ( GEOMETRIC_REPRESENTATION_CONTEXT(2) 
PARAMETRIC_REPRESENTATION_CONTEXT() REPRESENTATION_CONTEXT('2D SPACE',''
  ) );
#2868 = FACE_BOUND('',#2869,.F.);
#2869 = EDGE_LOOP('',(#2870));
#2870 = ORIENTED_EDGE('',*,*,#2871,.T.);
#2871 = EDGE_CURVE('',#2872,#2872,#2874,.T.);
#2872 = VERTEX_POINT('',#2873);
#2873 = CARTESIAN_POINT('',(-33.15,-41.29963563511,0.));
#2874 = SURFACE_CURVE('',#2875,(#2880,#2891),.PCURVE_S1.);
#2875 = CIRCLE('',#2876,5.25);
#2876 = AXIS2_PLACEMENT_3D('',#2877,#2878,#2879);
#2877 = CARTESIAN_POINT('',(-38.4,-41.29963563511,0.));
#2878 = DIRECTION('',(0.,0.,-1.));
#2879 = DIRECTION('',(1.,0.,0.));
#2880 = PCURVE('',#1127,#2881);
#2881 = DEFINITIONAL_REPRESENTATION('',(#2882),#2890);
#2882 = ( BOUNDED_CURVE() B_SPLINE_CURVE(2,(#2883,#2884,#2885,#2886,
#2887,#2888,#2889),.UNSPECIFIED.,.T.,.F.) B_SPLINE_CURVE_WITH_KNOTS((1,2
    ,2,2,2,1),(-2.094395102393,0.,2.094395102393,4.188790204786,
6.28318530718,8.377580409573),.UNSPECIFIED.) CURVE() 
GEOMETRIC_REPRESENTATION_ITEM() RATIONAL_B_SPLINE_CURVE((1.,0.5,1.,0.5,
1.,0.5,1.)) REPRESENTATION_ITEM('') );
#2883 = CARTESIAN_POINT('',(-33.15,-39.05396623955));
#2884 = CARTESIAN_POINT('',(-33.15,-48.14723297929));
#2885 = CARTESIAN_POINT('',(-41.025,-43.60059960942));
#2886 = CARTESIAN_POINT('',(-48.9,-39.05396623955));
#2887 = CARTESIAN_POINT('',(-41.025,-34.50733286969));
#2888 = CARTESIAN_POINT('',(-33.15,-29.96069949982));
#2889 = CARTESIAN_POINT('',(-33.15,-39.05396623955));
#2890 = ( GEOMETRIC_REPRESENTATION_CONTEXT(2) 
PARAMETRIC_REPRESENTATION_CONTEXT() REPRESENTATION_CONTEXT('2D SPACE',''
  ) );
#2891 = PCURVE('',#2892,#2897);
#2892 = CYLINDRICAL_SURFACE('',#2893,5.25);
#2893 = AXIS2_PLACEMENT_3D('',#2894,#2895,#2896);
#2894 = CARTESIAN_POINT('',(-38.4,-41.29963563511,-1.E-02));
#2895 = DIRECTION('',(-0.,-0.,-1.));
#2896 = DIRECTION('',(1.,0.,0.));
#2897 = DEFINITIONAL_REPRESENTATION('',(#2898),#2902);
#2898 = LINE('',#2899,#2900);
#2899 = CARTESIAN_POINT('',(-6.28318530718,-1.E-02));
#2900 = VECTOR('',#2901,1.);
#2901 = DIRECTION('',(1.,-0.));
#2902 = ( GEOMETRIC_REPRESENTATION_CONTEXT(2) 
PARAMETRIC_REPRESENTATION_CONTEXT() REPRESENTATION_CONTEXT('2D SPACE',''
  ) );
#2903 = FACE_BOUND('',#2904,.F.);
#2904 = EDGE_LOOP('',(#2905));
#2905 = ORIENTED_EDGE('',*,*,#2906,.T.);
#2906 = EDGE_CURVE('',#2907,#2907,#2909,.T.);
#2907 = VERTEX_POINT('',#2908);
#2908 = CARTESIAN_POINT('',(-33.15,36.808296844003,0.));
#2909 = SURFACE_CURVE('',#2910,(#2915,#2926),.PCURVE_S1.);
#2910 = CIRCLE('',#2911,5.25);
#2911 = AXIS2_PLACEMENT_3D('',#2912,#2913,#2914);
#2912 = CARTESIAN_POINT('',(-38.4,36.808296844003,0.));
#2913 = DIRECTION('',(0.,0.,-1.));
#2914 = DIRECTION('',(1.,0.,0.));
#2915 = PCURVE('',#1127,#2916);
#2916 = DEFINITIONAL_REPRESENTATION('',(#2917),#2925);
#2917 = ( BOUNDED_CURVE() B_SPLINE_CURVE(2,(#2918,#2919,#2920,#2921,
#2922,#2923,#2924),.UNSPECIFIED.,.T.,.F.) B_SPLINE_CURVE_WITH_KNOTS((1,2
    ,2,2,2,1),(-2.094395102393,0.,2.094395102393,4.188790204786,
6.28318530718,8.377580409573),.UNSPECIFIED.) CURVE() 
GEOMETRIC_REPRESENTATION_ITEM() RATIONAL_B_SPLINE_CURVE((1.,0.5,1.,0.5,
1.,0.5,1.)) REPRESENTATION_ITEM('') );
#2918 = CARTESIAN_POINT('',(-33.15,39.053966239559));
#2919 = CARTESIAN_POINT('',(-33.15,29.960699499822));
#2920 = CARTESIAN_POINT('',(-41.025,34.50733286969));
#2921 = CARTESIAN_POINT('',(-48.9,39.053966239559));
#2922 = CARTESIAN_POINT('',(-41.025,43.600599609427));
#2923 = CARTESIAN_POINT('',(-33.15,48.147232979295));
#2924 = CARTESIAN_POINT('',(-33.15,39.053966239559));
#2925 = ( GEOMETRIC_REPRESENTATION_CONTEXT(2) 
PARAMETRIC_REPRESENTATION_CONTEXT() REPRESENTATION_CONTEXT('2D SPACE',''
  ) );
#2926 = PCURVE('',#2927,#2932);
#2927 = CYLINDRICAL_SURFACE('',#2928,5.25);
#2928 = AXIS2_PLACEMENT_3D('',#2929,#2930,#2931);
#2929 = CARTESIAN_POINT('',(-38.4,36.808296844003,-1.E-02));
#2930 = DIRECTION('',(-0.,-0.,-1.));
#2931 = DIRECTION('',(1.,0.,0.));
#2932 = DEFINITIONAL_REPRESENTATION('',(#2933),#2937);
#2933 = LINE('',#2934,#2935);
#2934 = CARTESIAN_POINT('',(-6.28318530718,-1.E-02));
#2935 = VECTOR('',#2936,1.);
#2936 = DIRECTION('',(1.,-0.));
#2937 = ( GEOMETRIC_REPRESENTATION_CONTEXT(2) 
PARAMETRIC_REPRESENTATION_CONTEXT() REPRESENTATION_CONTEXT('2D SPACE',''
  ) );
#2938 = ADVANCED_FACE('',(#2939),#1160,.F.);
#2939 = FACE_BOUND('',#2940,.F.);
#2940 = EDGE_LOOP('',(#2941,#2942,#2962,#2983));
#2941 = ORIENTED_EDGE('',*,*,#1468,.F.);
#2942 = ORIENTED_EDGE('',*,*,#2943,.F.);
#2943 = EDGE_CURVE('',#2944,#1414,#2946,.T.);
#2944 = VERTEX_POINT('',#2945);
#2945 = CARTESIAN_POINT('',(-6.071428571429,-49.29963563511,0.6));
#2946 = SURFACE_CURVE('',#2947,(#2950,#2956),.PCURVE_S1.);
#2947 = B_SPLINE_CURVE_WITH_KNOTS('',1,(#2948,#2949),.UNSPECIFIED.,.F.,
  .F.,(2,2),(0.,1.),.PIECEWISE_BEZIER_KNOTS.);
#2948 = CARTESIAN_POINT('',(-6.071428571429,-49.29963563511,0.6));
#2949 = CARTESIAN_POINT('',(-6.071428571429,-49.29963563511,6.));
#2950 = PCURVE('',#1160,#2951);
#2951 = DEFINITIONAL_REPRESENTATION('',(#2952),#2955);
#2952 = B_SPLINE_CURVE_WITH_KNOTS('',1,(#2953,#2954),.UNSPECIFIED.,.F.,
  .F.,(2,2),(0.,1.),.PIECEWISE_BEZIER_KNOTS.);
#2953 = CARTESIAN_POINT('',(5.4,6.071428571429));
#2954 = CARTESIAN_POINT('',(0.,6.071428571429));
#2955 = ( GEOMETRIC_REPRESENTATION_CONTEXT(2) 
PARAMETRIC_REPRESENTATION_CONTEXT() REPRESENTATION_CONTEXT('2D SPACE',''
  ) );
#2956 = PCURVE('',#1447,#2957);
#2957 = DEFINITIONAL_REPRESENTATION('',(#2958),#2961);
#2958 = B_SPLINE_CURVE_WITH_KNOTS('',1,(#2959,#2960),.UNSPECIFIED.,.F.,
  .F.,(2,2),(0.,1.),.PIECEWISE_BEZIER_KNOTS.);
#2959 = CARTESIAN_POINT('',(7.86814159292,0.142857142857));
#2960 = CARTESIAN_POINT('',(2.181415929204,0.142857142857));
#2961 = ( GEOMETRIC_REPRESENTATION_CONTEXT(2) 
PARAMETRIC_REPRESENTATION_CONTEXT() REPRESENTATION_CONTEXT('2D SPACE',''
  ) );
#2962 = ORIENTED_EDGE('',*,*,#2963,.F.);
#2963 = EDGE_CURVE('',#1143,#2944,#2964,.T.);
#2964 = SURFACE_CURVE('',#2965,(#2969,#2976),.PCURVE_S1.);
#2965 = LINE('',#2966,#2967);
#2966 = CARTESIAN_POINT('',(-40.4,-49.29963563511,0.6));
#2967 = VECTOR('',#2968,1.);
#2968 = DIRECTION('',(1.,0.,0.));
#2969 = PCURVE('',#1160,#2970);
#2970 = DEFINITIONAL_REPRESENTATION('',(#2971),#2975);
#2971 = LINE('',#2972,#2973);
#2972 = CARTESIAN_POINT('',(5.4,40.4));
#2973 = VECTOR('',#2974,1.);
#2974 = DIRECTION('',(0.,-1.));
#2975 = ( GEOMETRIC_REPRESENTATION_CONTEXT(2) 
PARAMETRIC_REPRESENTATION_CONTEXT() REPRESENTATION_CONTEXT('2D SPACE',''
  ) );
#2976 = PCURVE('',#2720,#2977);
#2977 = DEFINITIONAL_REPRESENTATION('',(#2978),#2982);
#2978 = LINE('',#2979,#2980);
#2979 = CARTESIAN_POINT('',(-0.,-0.424264068712));
#2980 = VECTOR('',#2981,1.);
#2981 = DIRECTION('',(-1.,0.));
#2982 = ( GEOMETRIC_REPRESENTATION_CONTEXT(2) 
PARAMETRIC_REPRESENTATION_CONTEXT() REPRESENTATION_CONTEXT('2D SPACE',''
  ) );
#2983 = ORIENTED_EDGE('',*,*,#1142,.T.);
#2984 = ADVANCED_FACE('',(#2985),#1447,.T.);
#2985 = FACE_BOUND('',#2986,.T.);
#2986 = EDGE_LOOP('',(#2987,#3009,#3010,#3011,#3059,#3060));
#2987 = ORIENTED_EDGE('',*,*,#2988,.F.);
#2988 = EDGE_CURVE('',#1389,#2989,#2991,.T.);
#2989 = VERTEX_POINT('',#2990);
#2990 = CARTESIAN_POINT('',(-3.5,-43.29963563511,5.5));
#2991 = SURFACE_CURVE('',#2992,(#2995,#3002),.PCURVE_S1.);
#2992 = B_SPLINE_CURVE_WITH_KNOTS('',1,(#2993,#2994),.UNSPECIFIED.,.F.,
  .F.,(2,2),(0.,1.),.PIECEWISE_BEZIER_KNOTS.);
#2993 = CARTESIAN_POINT('',(-6.5,-50.29963563511,8.5));
#2994 = CARTESIAN_POINT('',(-3.5,-43.29963563511,5.5));
#2995 = PCURVE('',#1447,#2996);
#2996 = DEFINITIONAL_REPRESENTATION('',(#2997),#3001);
#2997 = LINE('',#2998,#2999);
#2998 = CARTESIAN_POINT('',(0.,0.));
#2999 = VECTOR('',#3000,1.);
#3000 = DIRECTION('',(0.,1.));
#3001 = ( GEOMETRIC_REPRESENTATION_CONTEXT(2) 
PARAMETRIC_REPRESENTATION_CONTEXT() REPRESENTATION_CONTEXT('2D SPACE',''
  ) );
#3002 = PCURVE('',#1402,#3003);
#3003 = DEFINITIONAL_REPRESENTATION('',(#3004),#3008);
#3004 = LINE('',#3005,#3006);
#3005 = CARTESIAN_POINT('',(13.,0.));
#3006 = VECTOR('',#3007,1.);
#3007 = DIRECTION('',(0.,1.));
#3008 = ( GEOMETRIC_REPRESENTATION_CONTEXT(2) 
PARAMETRIC_REPRESENTATION_CONTEXT() REPRESENTATION_CONTEXT('2D SPACE',''
  ) );
#3009 = ORIENTED_EDGE('',*,*,#1413,.F.);
#3010 = ORIENTED_EDGE('',*,*,#2943,.F.);
#3011 = ORIENTED_EDGE('',*,*,#3012,.T.);
#3012 = EDGE_CURVE('',#2944,#2803,#3013,.T.);
#3013 = SURFACE_CURVE('',#3014,(#3027,#3043),.PCURVE_S1.);
#3014 = B_SPLINE_CURVE_WITH_KNOTS('',6,(#3015,#3016,#3017,#3018,#3019,
    #3020,#3021,#3022,#3023,#3024,#3025,#3026),.UNSPECIFIED.,.F.,.F.,(7,
    5,7),(0.,5.493337652776E-02,1.),.UNSPECIFIED.);
#3015 = CARTESIAN_POINT('',(-6.071428571429,-49.29963563511,0.6));
#3016 = CARTESIAN_POINT('',(-6.07076831695,-49.29809504133,
    0.598459406216));
#3017 = CARTESIAN_POINT('',(-6.064055604418,-49.28243204542,
    0.58279641031));
#3018 = CARTESIAN_POINT('',(-6.056895013791,-49.26572400062,
    0.566088365512));
#3019 = CARTESIAN_POINT('',(-6.050869664838,-49.25166485307,
    0.552029217955));
#3020 = CARTESIAN_POINT('',(-6.046410271875,-49.24125960282,
    0.541623967708));
#3021 = CARTESIAN_POINT('',(-6.005479812415,-49.14575519741,
    0.446119562302));
#3022 = CARTESIAN_POINT('',(-5.966942186126,-49.0558340694,
    0.356198434294));
#3023 = CARTESIAN_POINT('',(-5.928551462229,-48.96625571364,
    0.266620078534));
#3024 = CARTESIAN_POINT('',(-5.890310147204,-48.87702597859,
    0.177390343476));
#3025 = CARTESIAN_POINT('',(-5.852220736451,-48.78815068683,
    8.851505171903E-02));
#3026 = CARTESIAN_POINT('',(-5.814285714286,-48.69963563511,
    -4.107825191113E-15));
#3027 = PCURVE('',#1447,#3028);
#3028 = DEFINITIONAL_REPRESENTATION('',(#3029),#3042);
#3029 = B_SPLINE_CURVE_WITH_KNOTS('',6,(#3030,#3031,#3032,#3033,#3034,
    #3035,#3036,#3037,#3038,#3039,#3040,#3041),.UNSPECIFIED.,.F.,.F.,(7,
    5,7),(0.,5.493337652776E-02,1.),.UNSPECIFIED.);
#3030 = CARTESIAN_POINT('',(7.868141814789,0.142857142857));
#3031 = CARTESIAN_POINT('',(7.869712523104,0.143077227683));
#3032 = CARTESIAN_POINT('',(7.88567643251,0.145314798527));
#3033 = CARTESIAN_POINT('',(7.90274934578,0.14770166207));
#3034 = CARTESIAN_POINT('',(7.917166773154,0.149710111721));
#3035 = CARTESIAN_POINT('',(7.927842270226,0.151196576042));
#3036 = CARTESIAN_POINT('',(8.025874757074,0.164840062528));
#3037 = CARTESIAN_POINT('',(8.119245397228,0.177685937958));
#3038 = CARTESIAN_POINT('',(8.213341608962,0.190482845924));
#3039 = CARTESIAN_POINT('',(8.308165201619,0.203229950932));
#3040 = CARTESIAN_POINT('',(8.403717631128,0.215926421183));
#3041 = CARTESIAN_POINT('',(8.5,0.228571428571));
#3042 = ( GEOMETRIC_REPRESENTATION_CONTEXT(2) 
PARAMETRIC_REPRESENTATION_CONTEXT() REPRESENTATION_CONTEXT('2D SPACE',''
  ) );
#3043 = PCURVE('',#2720,#3044);
#3044 = DEFINITIONAL_REPRESENTATION('',(#3045),#3058);
#3045 = B_SPLINE_CURVE_WITH_KNOTS('',6,(#3046,#3047,#3048,#3049,#3050,
    #3051,#3052,#3053,#3054,#3055,#3056,#3057),.UNSPECIFIED.,.F.,.F.,(7,
    5,7),(0.,5.493337652776E-02,1.),.UNSPECIFIED.);
#3046 = CARTESIAN_POINT('',(-34.32857142857,-0.424264068712));
#3047 = CARTESIAN_POINT('',(-34.32923168305,-0.422085340088));
#3048 = CARTESIAN_POINT('',(-34.33594439558,-0.39993451885));
#3049 = CARTESIAN_POINT('',(-34.3431049862,-0.376305775296));
#3050 = CARTESIAN_POINT('',(-34.34913033516,-0.356423138147));
#3051 = CARTESIAN_POINT('',(-34.35358972812,-0.341707892127));
#3052 = CARTESIAN_POINT('',(-34.39452018758,-0.206644266736));
#3053 = CARTESIAN_POINT('',(-34.43305781387,-7.947658796231E-02));
#3054 = CARTESIAN_POINT('',(-34.47144853777,4.720633764873E-02));
#3055 = CARTESIAN_POINT('',(-34.50968985279,0.173396239133));
#3056 = CARTESIAN_POINT('',(-34.54777926354,0.299084882097));
#3057 = CARTESIAN_POINT('',(-34.58571428571,0.424264068712));
#3058 = ( GEOMETRIC_REPRESENTATION_CONTEXT(2) 
PARAMETRIC_REPRESENTATION_CONTEXT() REPRESENTATION_CONTEXT('2D SPACE',''
  ) );
#3059 = ORIENTED_EDGE('',*,*,#2825,.T.);
#3060 = ORIENTED_EDGE('',*,*,#3061,.F.);
#3061 = EDGE_CURVE('',#2989,#2826,#3062,.T.);
#3062 = SURFACE_CURVE('',#3063,(#3067,#3073),.PCURVE_S1.);
#3063 = LINE('',#3064,#3065);
#3064 = CARTESIAN_POINT('',(-3.5,-43.29963563511,5.5));
#3065 = VECTOR('',#3066,1.);
#3066 = DIRECTION('',(0.,0.,-1.));
#3067 = PCURVE('',#1447,#3068);
#3068 = DEFINITIONAL_REPRESENTATION('',(#3069),#3072);
#3069 = B_SPLINE_CURVE_WITH_KNOTS('',1,(#3070,#3071),.UNSPECIFIED.,.F.,
  .F.,(2,2),(0.,11.),.PIECEWISE_BEZIER_KNOTS.);
#3070 = CARTESIAN_POINT('',(0.,1.));
#3071 = CARTESIAN_POINT('',(17.,1.));
#3072 = ( GEOMETRIC_REPRESENTATION_CONTEXT(2) 
PARAMETRIC_REPRESENTATION_CONTEXT() REPRESENTATION_CONTEXT('2D SPACE',''
  ) );
#3073 = PCURVE('',#2858,#3074);
#3074 = DEFINITIONAL_REPRESENTATION('',(#3075),#3079);
#3075 = LINE('',#3076,#3077);
#3076 = CARTESIAN_POINT('',(6.5,-8.));
#3077 = VECTOR('',#3078,1.);
#3078 = DIRECTION('',(-1.,0.));
#3079 = ( GEOMETRIC_REPRESENTATION_CONTEXT(2) 
PARAMETRIC_REPRESENTATION_CONTEXT() REPRESENTATION_CONTEXT('2D SPACE',''
  ) );
#3080 = ADVANCED_FACE('',(#3081),#1402,.T.);
#3081 = FACE_BOUND('',#3082,.T.);
#3082 = EDGE_LOOP('',(#3083,#3105,#3106,#3107));
#3083 = ORIENTED_EDGE('',*,*,#3084,.F.);
#3084 = EDGE_CURVE('',#1334,#3085,#3087,.T.);
#3085 = VERTEX_POINT('',#3086);
#3086 = CARTESIAN_POINT('',(3.5,-43.29963563511,5.5));
#3087 = SURFACE_CURVE('',#3088,(#3091,#3098),.PCURVE_S1.);
#3088 = B_SPLINE_CURVE_WITH_KNOTS('',1,(#3089,#3090),.UNSPECIFIED.,.F.,
  .F.,(2,2),(0.,1.),.PIECEWISE_BEZIER_KNOTS.);
#3089 = CARTESIAN_POINT('',(6.5,-50.29963563511,8.5));
#3090 = CARTESIAN_POINT('',(3.5,-43.29963563511,5.5));
#3091 = PCURVE('',#1402,#3092);
#3092 = DEFINITIONAL_REPRESENTATION('',(#3093),#3097);
#3093 = LINE('',#3094,#3095);
#3094 = CARTESIAN_POINT('',(0.,0.));
#3095 = VECTOR('',#3096,1.);
#3096 = DIRECTION('',(0.,1.));
#3097 = ( GEOMETRIC_REPRESENTATION_CONTEXT(2) 
PARAMETRIC_REPRESENTATION_CONTEXT() REPRESENTATION_CONTEXT('2D SPACE',''
  ) );
#3098 = PCURVE('',#1367,#3099);
#3099 = DEFINITIONAL_REPRESENTATION('',(#3100),#3104);
#3100 = LINE('',#3101,#3102);
#3101 = CARTESIAN_POINT('',(17.,0.));
#3102 = VECTOR('',#3103,1.);
#3103 = DIRECTION('',(0.,1.));
#3104 = ( GEOMETRIC_REPRESENTATION_CONTEXT(2) 
PARAMETRIC_REPRESENTATION_CONTEXT() REPRESENTATION_CONTEXT('2D SPACE',''
  ) );
#3105 = ORIENTED_EDGE('',*,*,#1388,.F.);
#3106 = ORIENTED_EDGE('',*,*,#2988,.T.);
#3107 = ORIENTED_EDGE('',*,*,#3108,.F.);
#3108 = EDGE_CURVE('',#3085,#2989,#3109,.T.);
#3109 = SURFACE_CURVE('',#3110,(#3114,#3120),.PCURVE_S1.);
#3110 = LINE('',#3111,#3112);
#3111 = CARTESIAN_POINT('',(3.5,-43.29963563511,5.5));
#3112 = VECTOR('',#3113,1.);
#3113 = DIRECTION('',(-1.,0.,0.));
#3114 = PCURVE('',#1402,#3115);
#3115 = DEFINITIONAL_REPRESENTATION('',(#3116),#3119);
#3116 = B_SPLINE_CURVE_WITH_KNOTS('',1,(#3117,#3118),.UNSPECIFIED.,.F.,
  .F.,(2,2),(0.,7.),.PIECEWISE_BEZIER_KNOTS.);
#3117 = CARTESIAN_POINT('',(0.,1.));
#3118 = CARTESIAN_POINT('',(13.,1.));
#3119 = ( GEOMETRIC_REPRESENTATION_CONTEXT(2) 
PARAMETRIC_REPRESENTATION_CONTEXT() REPRESENTATION_CONTEXT('2D SPACE',''
  ) );
#3120 = PCURVE('',#3121,#3126);
#3121 = PLANE('',#3122);
#3122 = AXIS2_PLACEMENT_3D('',#3123,#3124,#3125);
#3123 = CARTESIAN_POINT('',(-3.5,-51.29963563511,5.5));
#3124 = DIRECTION('',(0.,0.,1.));
#3125 = DIRECTION('',(1.,0.,0.));
#3126 = DEFINITIONAL_REPRESENTATION('',(#3127),#3131);
#3127 = LINE('',#3128,#3129);
#3128 = CARTESIAN_POINT('',(7.,8.));
#3129 = VECTOR('',#3130,1.);
#3130 = DIRECTION('',(-1.,0.));
#3131 = ( GEOMETRIC_REPRESENTATION_CONTEXT(2) 
PARAMETRIC_REPRESENTATION_CONTEXT() REPRESENTATION_CONTEXT('2D SPACE',''
  ) );
#3132 = ADVANCED_FACE('',(#3133),#1367,.T.);
#3133 = FACE_BOUND('',#3134,.T.);
#3134 = EDGE_LOOP('',(#3135,#3136,#3137,#3164,#3189,#3244));
#3135 = ORIENTED_EDGE('',*,*,#1333,.T.);
#3136 = ORIENTED_EDGE('',*,*,#3084,.T.);
#3137 = ORIENTED_EDGE('',*,*,#3138,.F.);
#3138 = EDGE_CURVE('',#3139,#3085,#3141,.T.);
#3139 = VERTEX_POINT('',#3140);
#3140 = CARTESIAN_POINT('',(3.5,-43.29963563511,0.));
#3141 = SURFACE_CURVE('',#3142,(#3146,#3152),.PCURVE_S1.);
#3142 = LINE('',#3143,#3144);
#3143 = CARTESIAN_POINT('',(3.5,-43.29963563511,-5.5));
#3144 = VECTOR('',#3145,1.);
#3145 = DIRECTION('',(0.,0.,1.));
#3146 = PCURVE('',#1367,#3147);
#3147 = DEFINITIONAL_REPRESENTATION('',(#3148),#3151);
#3148 = B_SPLINE_CURVE_WITH_KNOTS('',1,(#3149,#3150),.UNSPECIFIED.,.F.,
  .F.,(2,2),(0.,11.),.PIECEWISE_BEZIER_KNOTS.);
#3149 = CARTESIAN_POINT('',(0.,1.));
#3150 = CARTESIAN_POINT('',(17.,1.));
#3151 = ( GEOMETRIC_REPRESENTATION_CONTEXT(2) 
PARAMETRIC_REPRESENTATION_CONTEXT() REPRESENTATION_CONTEXT('2D SPACE',''
  ) );
#3152 = PCURVE('',#3153,#3158);
#3153 = PLANE('',#3154);
#3154 = AXIS2_PLACEMENT_3D('',#3155,#3156,#3157);
#3155 = CARTESIAN_POINT('',(3.5,-51.29963563511,-1.));
#3156 = DIRECTION('',(1.,0.,0.));
#3157 = DIRECTION('',(0.,0.,1.));
#3158 = DEFINITIONAL_REPRESENTATION('',(#3159),#3163);
#3159 = LINE('',#3160,#3161);
#3160 = CARTESIAN_POINT('',(-4.5,-8.));
#3161 = VECTOR('',#3162,1.);
#3162 = DIRECTION('',(1.,0.));
#3163 = ( GEOMETRIC_REPRESENTATION_CONTEXT(2) 
PARAMETRIC_REPRESENTATION_CONTEXT() REPRESENTATION_CONTEXT('2D SPACE',''
  ) );
#3164 = ORIENTED_EDGE('',*,*,#3165,.F.);
#3165 = EDGE_CURVE('',#3166,#3139,#3168,.T.);
#3166 = VERTEX_POINT('',#3167);
#3167 = CARTESIAN_POINT('',(5.814285714286,-48.69963563511,0.));
#3168 = SURFACE_CURVE('',#3169,(#3172,#3178),.PCURVE_S1.);
#3169 = B_SPLINE_CURVE_WITH_KNOTS('',1,(#3170,#3171),.UNSPECIFIED.,.F.,
  .F.,(2,2),(0.,1.),.PIECEWISE_BEZIER_KNOTS.);
#3170 = CARTESIAN_POINT('',(5.814285714286,-48.69963563511,0.));
#3171 = CARTESIAN_POINT('',(3.5,-43.29963563511,0.));
#3172 = PCURVE('',#1367,#3173);
#3173 = DEFINITIONAL_REPRESENTATION('',(#3174),#3177);
#3174 = B_SPLINE_CURVE_WITH_KNOTS('',1,(#3175,#3176),.UNSPECIFIED.,.F.,
  .F.,(2,2),(0.,1.),.PIECEWISE_BEZIER_KNOTS.);
#3175 = CARTESIAN_POINT('',(8.5,0.228571428571));
#3176 = CARTESIAN_POINT('',(8.5,1.));
#3177 = ( GEOMETRIC_REPRESENTATION_CONTEXT(2) 
PARAMETRIC_REPRESENTATION_CONTEXT() REPRESENTATION_CONTEXT('2D SPACE',''
  ) );
#3178 = PCURVE('',#3179,#3184);
#3179 = PLANE('',#3180);
#3180 = AXIS2_PLACEMENT_3D('',#3181,#3182,#3183);
#3181 = CARTESIAN_POINT('',(0.,-2.245669395556,0.));
#3182 = DIRECTION('',(0.,0.,1.));
#3183 = DIRECTION('',(1.,0.,-0.));
#3184 = DEFINITIONAL_REPRESENTATION('',(#3185),#3188);
#3185 = B_SPLINE_CURVE_WITH_KNOTS('',1,(#3186,#3187),.UNSPECIFIED.,.F.,
  .F.,(2,2),(0.,1.),.PIECEWISE_BEZIER_KNOTS.);
#3186 = CARTESIAN_POINT('',(5.814285714286,-46.45396623955));
#3187 = CARTESIAN_POINT('',(3.5,-41.05396623955));
#3188 = ( GEOMETRIC_REPRESENTATION_CONTEXT(2) 
PARAMETRIC_REPRESENTATION_CONTEXT() REPRESENTATION_CONTEXT('2D SPACE',''
  ) );
#3189 = ORIENTED_EDGE('',*,*,#3190,.F.);
#3190 = EDGE_CURVE('',#3191,#3166,#3193,.T.);
#3191 = VERTEX_POINT('',#3192);
#3192 = CARTESIAN_POINT('',(6.071428571429,-49.29963563511,0.6));
#3193 = SURFACE_CURVE('',#3194,(#3207,#3223),.PCURVE_S1.);
#3194 = B_SPLINE_CURVE_WITH_KNOTS('',6,(#3195,#3196,#3197,#3198,#3199,
    #3200,#3201,#3202,#3203,#3204,#3205,#3206),.UNSPECIFIED.,.F.,.F.,(7,
    5,7),(0.,5.493337652778E-02,1.),.UNSPECIFIED.);
#3195 = CARTESIAN_POINT('',(6.071428571429,-49.29963563511,0.6));
#3196 = CARTESIAN_POINT('',(6.07076831695,-49.29809504133,0.598459406216
    ));
#3197 = CARTESIAN_POINT('',(6.064055604418,-49.28243204542,0.58279641031
    ));
#3198 = CARTESIAN_POINT('',(6.056895013791,-49.26572400062,
    0.566088365512));
#3199 = CARTESIAN_POINT('',(6.050869664838,-49.25166485307,
    0.552029217955));
#3200 = CARTESIAN_POINT('',(6.046410271875,-49.24125960282,
    0.541623967708));
#3201 = CARTESIAN_POINT('',(6.005479812415,-49.14575519741,
    0.446119562302));
#3202 = CARTESIAN_POINT('',(5.966942186126,-49.0558340694,0.356198434294
    ));
#3203 = CARTESIAN_POINT('',(5.928551462229,-48.96625571364,
    0.266620078534));
#3204 = CARTESIAN_POINT('',(5.890310147204,-48.87702597859,
    0.177390343476));
#3205 = CARTESIAN_POINT('',(5.852220736451,-48.78815068683,
    8.851505171902E-02));
#3206 = CARTESIAN_POINT('',(5.814285714286,-48.69963563511,
    -4.107825191113E-15));
#3207 = PCURVE('',#1367,#3208);
#3208 = DEFINITIONAL_REPRESENTATION('',(#3209),#3222);
#3209 = B_SPLINE_CURVE_WITH_KNOTS('',6,(#3210,#3211,#3212,#3213,#3214,
    #3215,#3216,#3217,#3218,#3219,#3220,#3221),.UNSPECIFIED.,.F.,.F.,(7,
    5,7),(0.,5.493337652778E-02,1.),.UNSPECIFIED.);
#3210 = CARTESIAN_POINT('',(9.131858185211,0.142857142857));
#3211 = CARTESIAN_POINT('',(9.130287476896,0.143077227683));
#3212 = CARTESIAN_POINT('',(9.11432356749,0.145314798527));
#3213 = CARTESIAN_POINT('',(9.09725065422,0.14770166207));
#3214 = CARTESIAN_POINT('',(9.082833226846,0.149710111721));
#3215 = CARTESIAN_POINT('',(9.072157729774,0.151196576042));
#3216 = CARTESIAN_POINT('',(8.974125242926,0.164840062528));
#3217 = CARTESIAN_POINT('',(8.880754602772,0.177685937958));
#3218 = CARTESIAN_POINT('',(8.786658391038,0.190482845924));
#3219 = CARTESIAN_POINT('',(8.691834798381,0.203229950932));
#3220 = CARTESIAN_POINT('',(8.596282368872,0.215926421183));
#3221 = CARTESIAN_POINT('',(8.5,0.228571428571));
#3222 = ( GEOMETRIC_REPRESENTATION_CONTEXT(2) 
PARAMETRIC_REPRESENTATION_CONTEXT() REPRESENTATION_CONTEXT('2D SPACE',''
  ) );
#3223 = PCURVE('',#3224,#3229);
#3224 = PLANE('',#3225);
#3225 = AXIS2_PLACEMENT_3D('',#3226,#3227,#3228);
#3226 = CARTESIAN_POINT('',(-40.4,-48.99963563511,0.3));
#3227 = DIRECTION('',(0.,-0.707106781187,-0.707106781187));
#3228 = DIRECTION('',(-1.,-0.,-0.));
#3229 = DEFINITIONAL_REPRESENTATION('',(#3230),#3243);
#3230 = B_SPLINE_CURVE_WITH_KNOTS('',6,(#3231,#3232,#3233,#3234,#3235,
    #3236,#3237,#3238,#3239,#3240,#3241,#3242),.UNSPECIFIED.,.F.,.F.,(7,
    5,7),(0.,5.493337652778E-02,1.),.UNSPECIFIED.);
#3231 = CARTESIAN_POINT('',(-46.47142857142,-0.424264068712));
#3232 = CARTESIAN_POINT('',(-46.47076831695,-0.422085340088));
#3233 = CARTESIAN_POINT('',(-46.46405560441,-0.39993451885));
#3234 = CARTESIAN_POINT('',(-46.45689501379,-0.376305775296));
#3235 = CARTESIAN_POINT('',(-46.45086966483,-0.356423138147));
#3236 = CARTESIAN_POINT('',(-46.44641027187,-0.341707892127));
#3237 = CARTESIAN_POINT('',(-46.40547981241,-0.206644266736));
#3238 = CARTESIAN_POINT('',(-46.36694218612,-7.94765879623E-02));
#3239 = CARTESIAN_POINT('',(-46.32855146222,4.720633764874E-02));
#3240 = CARTESIAN_POINT('',(-46.2903101472,0.173396239134));
#3241 = CARTESIAN_POINT('',(-46.25222073645,0.299084882097));
#3242 = CARTESIAN_POINT('',(-46.21428571428,0.424264068712));
#3243 = ( GEOMETRIC_REPRESENTATION_CONTEXT(2) 
PARAMETRIC_REPRESENTATION_CONTEXT() REPRESENTATION_CONTEXT('2D SPACE',''
  ) );
#3244 = ORIENTED_EDGE('',*,*,#3245,.F.);
#3245 = EDGE_CURVE('',#1306,#3191,#3246,.T.);
#3246 = SURFACE_CURVE('',#3247,(#3250,#3256),.PCURVE_S1.);
#3247 = B_SPLINE_CURVE_WITH_KNOTS('',1,(#3248,#3249),.UNSPECIFIED.,.F.,
  .F.,(2,2),(0.,1.),.PIECEWISE_BEZIER_KNOTS.);
#3248 = CARTESIAN_POINT('',(6.071428571429,-49.29963563511,6.));
#3249 = CARTESIAN_POINT('',(6.071428571429,-49.29963563511,0.6));
#3250 = PCURVE('',#1367,#3251);
#3251 = DEFINITIONAL_REPRESENTATION('',(#3252),#3255);
#3252 = B_SPLINE_CURVE_WITH_KNOTS('',1,(#3253,#3254),.UNSPECIFIED.,.F.,
  .F.,(2,2),(0.,1.),.PIECEWISE_BEZIER_KNOTS.);
#3253 = CARTESIAN_POINT('',(14.818584070796,0.142857142857));
#3254 = CARTESIAN_POINT('',(9.13185840708,0.142857142857));
#3255 = ( GEOMETRIC_REPRESENTATION_CONTEXT(2) 
PARAMETRIC_REPRESENTATION_CONTEXT() REPRESENTATION_CONTEXT('2D SPACE',''
  ) );
#3256 = PCURVE('',#1321,#3257);
#3257 = DEFINITIONAL_REPRESENTATION('',(#3258),#3261);
#3258 = B_SPLINE_CURVE_WITH_KNOTS('',1,(#3259,#3260),.UNSPECIFIED.,.F.,
  .F.,(2,2),(0.,1.),.PIECEWISE_BEZIER_KNOTS.);
#3259 = CARTESIAN_POINT('',(0.,-6.071428571429));
#3260 = CARTESIAN_POINT('',(5.4,-6.071428571429));
#3261 = ( GEOMETRIC_REPRESENTATION_CONTEXT(2) 
PARAMETRIC_REPRESENTATION_CONTEXT() REPRESENTATION_CONTEXT('2D SPACE',''
  ) );
#3262 = ADVANCED_FACE('',(#3263),#1321,.F.);
#3263 = FACE_BOUND('',#3264,.F.);
#3264 = EDGE_LOOP('',(#3265,#3266,#3289,#3310));
#3265 = ORIENTED_EDGE('',*,*,#1305,.F.);
#3266 = ORIENTED_EDGE('',*,*,#3267,.F.);
#3267 = EDGE_CURVE('',#3268,#1271,#3270,.T.);
#3268 = VERTEX_POINT('',#3269);
#3269 = CARTESIAN_POINT('',(40.4,-49.29963563511,0.6));
#3270 = SURFACE_CURVE('',#3271,(#3275,#3282),.PCURVE_S1.);
#3271 = LINE('',#3272,#3273);
#3272 = CARTESIAN_POINT('',(40.4,-49.29963563511,0.));
#3273 = VECTOR('',#3274,1.);
#3274 = DIRECTION('',(0.,0.,1.));
#3275 = PCURVE('',#1321,#3276);
#3276 = DEFINITIONAL_REPRESENTATION('',(#3277),#3281);
#3277 = LINE('',#3278,#3279);
#3278 = CARTESIAN_POINT('',(6.,-40.4));
#3279 = VECTOR('',#3280,1.);
#3280 = DIRECTION('',(-1.,0.));
#3281 = ( GEOMETRIC_REPRESENTATION_CONTEXT(2) 
PARAMETRIC_REPRESENTATION_CONTEXT() REPRESENTATION_CONTEXT('2D SPACE',''
  ) );
#3282 = PCURVE('',#1287,#3283);
#3283 = DEFINITIONAL_REPRESENTATION('',(#3284),#3288);
#3284 = LINE('',#3285,#3286);
#3285 = CARTESIAN_POINT('',(0.,0.));
#3286 = VECTOR('',#3287,1.);
#3287 = DIRECTION('',(0.,1.));
#3288 = ( GEOMETRIC_REPRESENTATION_CONTEXT(2) 
PARAMETRIC_REPRESENTATION_CONTEXT() REPRESENTATION_CONTEXT('2D SPACE',''
  ) );
#3289 = ORIENTED_EDGE('',*,*,#3290,.F.);
#3290 = EDGE_CURVE('',#3191,#3268,#3291,.T.);
#3291 = SURFACE_CURVE('',#3292,(#3296,#3303),.PCURVE_S1.);
#3292 = LINE('',#3293,#3294);
#3293 = CARTESIAN_POINT('',(-40.4,-49.29963563511,0.6));
#3294 = VECTOR('',#3295,1.);
#3295 = DIRECTION('',(1.,0.,0.));
#3296 = PCURVE('',#1321,#3297);
#3297 = DEFINITIONAL_REPRESENTATION('',(#3298),#3302);
#3298 = LINE('',#3299,#3300);
#3299 = CARTESIAN_POINT('',(5.4,40.4));
#3300 = VECTOR('',#3301,1.);
#3301 = DIRECTION('',(0.,-1.));
#3302 = ( GEOMETRIC_REPRESENTATION_CONTEXT(2) 
PARAMETRIC_REPRESENTATION_CONTEXT() REPRESENTATION_CONTEXT('2D SPACE',''
  ) );
#3303 = PCURVE('',#3224,#3304);
#3304 = DEFINITIONAL_REPRESENTATION('',(#3305),#3309);
#3305 = LINE('',#3306,#3307);
#3306 = CARTESIAN_POINT('',(-0.,-0.424264068712));
#3307 = VECTOR('',#3308,1.);
#3308 = DIRECTION('',(-1.,0.));
#3309 = ( GEOMETRIC_REPRESENTATION_CONTEXT(2) 
PARAMETRIC_REPRESENTATION_CONTEXT() REPRESENTATION_CONTEXT('2D SPACE',''
  ) );
#3310 = ORIENTED_EDGE('',*,*,#3245,.F.);
#3311 = ADVANCED_FACE('',(#3312),#1287,.T.);
#3312 = FACE_BOUND('',#3313,.T.);
#3313 = EDGE_LOOP('',(#3314,#3315,#3342,#3343));
#3314 = ORIENTED_EDGE('',*,*,#3267,.F.);
#3315 = ORIENTED_EDGE('',*,*,#3316,.T.);
#3316 = EDGE_CURVE('',#3268,#1676,#3317,.T.);
#3317 = SURFACE_CURVE('',#3318,(#3323,#3330),.PCURVE_S1.);
#3318 = CIRCLE('',#3319,6.);
#3319 = AXIS2_PLACEMENT_3D('',#3320,#3321,#3322);
#3320 = CARTESIAN_POINT('',(40.4,-43.29963563511,0.6));
#3321 = DIRECTION('',(0.,0.,1.));
#3322 = DIRECTION('',(0.,-1.,0.));
#3323 = PCURVE('',#1287,#3324);
#3324 = DEFINITIONAL_REPRESENTATION('',(#3325),#3329);
#3325 = LINE('',#3326,#3327);
#3326 = CARTESIAN_POINT('',(0.,0.6));
#3327 = VECTOR('',#3328,1.);
#3328 = DIRECTION('',(1.,0.));
#3329 = ( GEOMETRIC_REPRESENTATION_CONTEXT(2) 
PARAMETRIC_REPRESENTATION_CONTEXT() REPRESENTATION_CONTEXT('2D SPACE',''
  ) );
#3330 = PCURVE('',#3331,#3336);
#3331 = CONICAL_SURFACE('',#3332,6.,0.785398163397);
#3332 = AXIS2_PLACEMENT_3D('',#3333,#3334,#3335);
#3333 = CARTESIAN_POINT('',(40.4,-43.29963563511,0.6));
#3334 = DIRECTION('',(0.,0.,1.));
#3335 = DIRECTION('',(0.,-1.,0.));
#3336 = DEFINITIONAL_REPRESENTATION('',(#3337),#3341);
#3337 = LINE('',#3338,#3339);
#3338 = CARTESIAN_POINT('',(0.,-0.));
#3339 = VECTOR('',#3340,1.);
#3340 = DIRECTION('',(1.,-0.));
#3341 = ( GEOMETRIC_REPRESENTATION_CONTEXT(2) 
PARAMETRIC_REPRESENTATION_CONTEXT() REPRESENTATION_CONTEXT('2D SPACE',''
  ) );
#3342 = ORIENTED_EDGE('',*,*,#1675,.T.);
#3343 = ORIENTED_EDGE('',*,*,#1270,.T.);
#3344 = ADVANCED_FACE('',(#3345),#1826,.T.);
#3345 = FACE_BOUND('',#3346,.T.);
#3346 = EDGE_LOOP('',(#3347,#3348,#3349,#3370));
#3347 = ORIENTED_EDGE('',*,*,#1893,.F.);
#3348 = ORIENTED_EDGE('',*,*,#1810,.T.);
#3349 = ORIENTED_EDGE('',*,*,#3350,.T.);
#3350 = EDGE_CURVE('',#1783,#1970,#3351,.T.);
#3351 = SURFACE_CURVE('',#3352,(#3356,#3363),.PCURVE_S1.);
#3352 = LINE('',#3353,#3354);
#3353 = CARTESIAN_POINT('',(46.4,22.608766427725,36.546963951504));
#3354 = VECTOR('',#3355,1.);
#3355 = DIRECTION('',(-1.,0.,0.));
#3356 = PCURVE('',#1826,#3357);
#3357 = DEFINITIONAL_REPRESENTATION('',(#3358),#3362);
#3358 = LINE('',#3359,#3360);
#3359 = CARTESIAN_POINT('',(38.9,-46.4));
#3360 = VECTOR('',#3361,1.);
#3361 = DIRECTION('',(0.,1.));
#3362 = ( GEOMETRIC_REPRESENTATION_CONTEXT(2) 
PARAMETRIC_REPRESENTATION_CONTEXT() REPRESENTATION_CONTEXT('2D SPACE',''
  ) );
#3363 = PCURVE('',#1798,#3364);
#3364 = DEFINITIONAL_REPRESENTATION('',(#3365),#3369);
#3365 = LINE('',#3366,#3367);
#3366 = CARTESIAN_POINT('',(0.,-46.4));
#3367 = VECTOR('',#3368,1.);
#3368 = DIRECTION('',(0.,1.));
#3369 = ( GEOMETRIC_REPRESENTATION_CONTEXT(2) 
PARAMETRIC_REPRESENTATION_CONTEXT() REPRESENTATION_CONTEXT('2D SPACE',''
  ) );
#3370 = ORIENTED_EDGE('',*,*,#1969,.T.);
#3371 = ADVANCED_FACE('',(#3372),#1798,.T.);
#3372 = FACE_BOUND('',#3373,.T.);
#3373 = EDGE_LOOP('',(#3374,#3375,#3376,#3397));
#3374 = ORIENTED_EDGE('',*,*,#3350,.F.);
#3375 = ORIENTED_EDGE('',*,*,#1782,.T.);
#3376 = ORIENTED_EDGE('',*,*,#3377,.T.);
#3377 = EDGE_CURVE('',#1755,#1993,#3378,.T.);
#3378 = SURFACE_CURVE('',#3379,(#3383,#3390),.PCURVE_S1.);
#3379 = LINE('',#3380,#3381);
#3380 = CARTESIAN_POINT('',(46.4,32.521016179668,33.26865572086));
#3381 = VECTOR('',#3382,1.);
#3382 = DIRECTION('',(-1.,0.,0.));
#3383 = PCURVE('',#1798,#3384);
#3384 = DEFINITIONAL_REPRESENTATION('',(#3385),#3389);
#3385 = LINE('',#3386,#3387);
#3386 = CARTESIAN_POINT('',(10.440306508911,-46.4));
#3387 = VECTOR('',#3388,1.);
#3388 = DIRECTION('',(0.,1.));
#3389 = ( GEOMETRIC_REPRESENTATION_CONTEXT(2) 
PARAMETRIC_REPRESENTATION_CONTEXT() REPRESENTATION_CONTEXT('2D SPACE',''
  ) );
#3390 = PCURVE('',#1770,#3391);
#3391 = DEFINITIONAL_REPRESENTATION('',(#3392),#3396);
#3392 = LINE('',#3393,#3394);
#3393 = CARTESIAN_POINT('',(0.,-46.4));
#3394 = VECTOR('',#3395,1.);
#3395 = DIRECTION('',(0.,1.));
#3396 = ( GEOMETRIC_REPRESENTATION_CONTEXT(2) 
PARAMETRIC_REPRESENTATION_CONTEXT() REPRESENTATION_CONTEXT('2D SPACE',''
  ) );
#3397 = ORIENTED_EDGE('',*,*,#1992,.T.);
#3398 = ADVANCED_FACE('',(#3399),#1770,.T.);
#3399 = FACE_BOUND('',#3400,.T.);
#3400 = EDGE_LOOP('',(#3401,#3402,#3403,#3431,#3432,#3453,#3454,#3455));
#3401 = ORIENTED_EDGE('',*,*,#3377,.F.);
#3402 = ORIENTED_EDGE('',*,*,#1754,.T.);
#3403 = ORIENTED_EDGE('',*,*,#3404,.T.);
#3404 = EDGE_CURVE('',#1727,#2418,#3405,.T.);
#3405 = SURFACE_CURVE('',#3406,(#3411,#3418),.PCURVE_S1.);
#3406 = ELLIPSE('',#3407,7.324647532569,6.);
#3407 = AXIS2_PLACEMENT_3D('',#3408,#3409,#3410);
#3408 = CARTESIAN_POINT('',(40.4,38.808296844003,28.866254404853));
#3409 = DIRECTION('',(0.,0.573576436351,0.819152044289));
#3410 = DIRECTION('',(0.,-0.819152044289,0.573576436351));
#3411 = PCURVE('',#1770,#3412);
#3412 = DEFINITIONAL_REPRESENTATION('',(#3413),#3417);
#3413 = ELLIPSE('',#3414,7.324647532569,6.);
#3414 = AXIS2_PLACEMENT_2D('',#3415,#3416);
#3415 = CARTESIAN_POINT('',(7.675352467431,-40.4));
#3416 = DIRECTION('',(-1.,0.));
#3417 = ( GEOMETRIC_REPRESENTATION_CONTEXT(2) 
PARAMETRIC_REPRESENTATION_CONTEXT() REPRESENTATION_CONTEXT('2D SPACE',''
  ) );
#3418 = PCURVE('',#1742,#3419);
#3419 = DEFINITIONAL_REPRESENTATION('',(#3420),#3430);
#3420 = B_SPLINE_CURVE_WITH_KNOTS('',8,(#3421,#3422,#3423,#3424,#3425,
    #3426,#3427,#3428,#3429),.UNSPECIFIED.,.F.,.F.,(9,9),(1.570796326795
    ,3.14159265359),.PIECEWISE_BEZIER_KNOTS.);
#3421 = CARTESIAN_POINT('',(0.,28.866254404853));
#3422 = CARTESIAN_POINT('',(0.196349540849,28.041341833093));
#3423 = CARTESIAN_POINT('',(0.392699081698,27.216429065473));
#3424 = CARTESIAN_POINT('',(0.589048622547,26.439979571311));
#3425 = CARTESIAN_POINT('',(0.785398163395,25.760447105757));
#3426 = CARTESIAN_POINT('',(0.981747704246,25.220337977735));
#3427 = CARTESIAN_POINT('',(1.178097245096,24.850119300492));
#3428 = CARTESIAN_POINT('',(1.374446785946,24.665009175595));
#3429 = CARTESIAN_POINT('',(1.570796326795,24.665009175595));
#3430 = ( GEOMETRIC_REPRESENTATION_CONTEXT(2) 
PARAMETRIC_REPRESENTATION_CONTEXT() REPRESENTATION_CONTEXT('2D SPACE',''
  ) );
#3431 = ORIENTED_EDGE('',*,*,#2440,.F.);
#3432 = ORIENTED_EDGE('',*,*,#3433,.F.);
#3433 = EDGE_CURVE('',#2117,#2441,#3434,.T.);
#3434 = SURFACE_CURVE('',#3435,(#3439,#3446),.PCURVE_S1.);
#3435 = LINE('',#3436,#3437);
#3436 = CARTESIAN_POINT('',(7.,31.701864135379,33.842232157212));
#3437 = VECTOR('',#3438,1.);
#3438 = DIRECTION('',(0.,0.819152044289,-0.573576436351));
#3439 = PCURVE('',#1770,#3440);
#3440 = DEFINITIONAL_REPRESENTATION('',(#3441),#3445);
#3441 = LINE('',#3442,#3443);
#3442 = CARTESIAN_POINT('',(-1.,-7.));
#3443 = VECTOR('',#3444,1.);
#3444 = DIRECTION('',(1.,0.));
#3445 = ( GEOMETRIC_REPRESENTATION_CONTEXT(2) 
PARAMETRIC_REPRESENTATION_CONTEXT() REPRESENTATION_CONTEXT('2D SPACE',''
  ) );
#3446 = PCURVE('',#2132,#3447);
#3447 = DEFINITIONAL_REPRESENTATION('',(#3448),#3452);
#3448 = LINE('',#3449,#3450);
#3449 = CARTESIAN_POINT('',(8.5,-1.));
#3450 = VECTOR('',#3451,1.);
#3451 = DIRECTION('',(0.,-1.));
#3452 = ( GEOMETRIC_REPRESENTATION_CONTEXT(2) 
PARAMETRIC_REPRESENTATION_CONTEXT() REPRESENTATION_CONTEXT('2D SPACE',''
  ) );
#3453 = ORIENTED_EDGE('',*,*,#2144,.F.);
#3454 = ORIENTED_EDGE('',*,*,#2193,.T.);
#3455 = ORIENTED_EDGE('',*,*,#2015,.T.);
#3456 = ADVANCED_FACE('',(#3457),#1742,.T.);
#3457 = FACE_BOUND('',#3458,.T.);
#3458 = EDGE_LOOP('',(#3459,#3460,#3487,#3488));
#3459 = ORIENTED_EDGE('',*,*,#1726,.F.);
#3460 = ORIENTED_EDGE('',*,*,#3461,.T.);
#3461 = EDGE_CURVE('',#1699,#2388,#3462,.T.);
#3462 = SURFACE_CURVE('',#3463,(#3468,#3475),.PCURVE_S1.);
#3463 = CIRCLE('',#3464,6.);
#3464 = AXIS2_PLACEMENT_3D('',#3465,#3466,#3467);
#3465 = CARTESIAN_POINT('',(40.4,38.808296844003,0.6));
#3466 = DIRECTION('',(0.,0.,1.));
#3467 = DIRECTION('',(1.,0.,-0.));
#3468 = PCURVE('',#1742,#3469);
#3469 = DEFINITIONAL_REPRESENTATION('',(#3470),#3474);
#3470 = LINE('',#3471,#3472);
#3471 = CARTESIAN_POINT('',(0.,0.6));
#3472 = VECTOR('',#3473,1.);
#3473 = DIRECTION('',(1.,0.));
#3474 = ( GEOMETRIC_REPRESENTATION_CONTEXT(2) 
PARAMETRIC_REPRESENTATION_CONTEXT() REPRESENTATION_CONTEXT('2D SPACE',''
  ) );
#3475 = PCURVE('',#3476,#3481);
#3476 = CONICAL_SURFACE('',#3477,6.,0.785398163397);
#3477 = AXIS2_PLACEMENT_3D('',#3478,#3479,#3480);
#3478 = CARTESIAN_POINT('',(40.4,38.808296844003,0.6));
#3479 = DIRECTION('',(0.,0.,1.));
#3480 = DIRECTION('',(1.,0.,-0.));
#3481 = DEFINITIONAL_REPRESENTATION('',(#3482),#3486);
#3482 = LINE('',#3483,#3484);
#3483 = CARTESIAN_POINT('',(0.,-0.));
#3484 = VECTOR('',#3485,1.);
#3485 = DIRECTION('',(1.,-0.));
#3486 = ( GEOMETRIC_REPRESENTATION_CONTEXT(2) 
PARAMETRIC_REPRESENTATION_CONTEXT() REPRESENTATION_CONTEXT('2D SPACE',''
  ) );
#3487 = ORIENTED_EDGE('',*,*,#2417,.T.);
#3488 = ORIENTED_EDGE('',*,*,#3404,.F.);
#3489 = ADVANCED_FACE('',(#3490),#1714,.T.);
#3490 = FACE_BOUND('',#3491,.F.);
#3491 = EDGE_LOOP('',(#3492,#3513,#3514,#3535));
#3492 = ORIENTED_EDGE('',*,*,#3493,.F.);
#3493 = EDGE_CURVE('',#1676,#3494,#3496,.T.);
#3494 = VERTEX_POINT('',#3495);
#3495 = CARTESIAN_POINT('',(45.8,-43.29963563511,6.661338147751E-16));
#3496 = SURFACE_CURVE('',#3497,(#3501,#3507),.PCURVE_S1.);
#3497 = LINE('',#3498,#3499);
#3498 = CARTESIAN_POINT('',(46.4,-43.29963563511,0.6));
#3499 = VECTOR('',#3500,1.);
#3500 = DIRECTION('',(-0.707106781187,4.329780281177E-17,-0.707106781187
    ));
#3501 = PCURVE('',#1714,#3502);
#3502 = DEFINITIONAL_REPRESENTATION('',(#3503),#3506);
#3503 = B_SPLINE_CURVE_WITH_KNOTS('',1,(#3504,#3505),.UNSPECIFIED.,.F.,
  .F.,(2,2),(0.,0.848528137424),.PIECEWISE_BEZIER_KNOTS.);
#3504 = CARTESIAN_POINT('',(0.,-0.424264068712));
#3505 = CARTESIAN_POINT('',(0.,0.424264068712));
#3506 = ( GEOMETRIC_REPRESENTATION_CONTEXT(2) 
PARAMETRIC_REPRESENTATION_CONTEXT() REPRESENTATION_CONTEXT('2D SPACE',''
  ) );
#3507 = PCURVE('',#3331,#3508);
#3508 = DEFINITIONAL_REPRESENTATION('',(#3509),#3512);
#3509 = B_SPLINE_CURVE_WITH_KNOTS('',1,(#3510,#3511),.UNSPECIFIED.,.F.,
  .F.,(2,2),(0.,0.848528137424),.PIECEWISE_BEZIER_KNOTS.);
#3510 = CARTESIAN_POINT('',(1.570796326795,0.));
#3511 = CARTESIAN_POINT('',(1.570796326795,-0.6));
#3512 = ( GEOMETRIC_REPRESENTATION_CONTEXT(2) 
PARAMETRIC_REPRESENTATION_CONTEXT() REPRESENTATION_CONTEXT('2D SPACE',''
  ) );
#3513 = ORIENTED_EDGE('',*,*,#1698,.T.);
#3514 = ORIENTED_EDGE('',*,*,#3515,.T.);
#3515 = EDGE_CURVE('',#1699,#3516,#3518,.T.);
#3516 = VERTEX_POINT('',#3517);
#3517 = CARTESIAN_POINT('',(45.8,38.808296844003,9.436895709314E-16));
#3518 = SURFACE_CURVE('',#3519,(#3523,#3529),.PCURVE_S1.);
#3519 = LINE('',#3520,#3521);
#3520 = CARTESIAN_POINT('',(46.1,38.808296844003,0.3));
#3521 = VECTOR('',#3522,1.);
#3522 = DIRECTION('',(-0.707106781187,0.,-0.707106781187));
#3523 = PCURVE('',#1714,#3524);
#3524 = DEFINITIONAL_REPRESENTATION('',(#3525),#3528);
#3525 = B_SPLINE_CURVE_WITH_KNOTS('',1,(#3526,#3527),.UNSPECIFIED.,.F.,
  .F.,(2,2),(-0.424264068712,0.424264068712),.PIECEWISE_BEZIER_KNOTS.);
#3526 = CARTESIAN_POINT('',(-82.10793247911,-0.424264068712));
#3527 = CARTESIAN_POINT('',(-82.10793247911,0.424264068712));
#3528 = ( GEOMETRIC_REPRESENTATION_CONTEXT(2) 
PARAMETRIC_REPRESENTATION_CONTEXT() REPRESENTATION_CONTEXT('2D SPACE',''
  ) );
#3529 = PCURVE('',#3476,#3530);
#3530 = DEFINITIONAL_REPRESENTATION('',(#3531),#3534);
#3531 = B_SPLINE_CURVE_WITH_KNOTS('',1,(#3532,#3533),.UNSPECIFIED.,.F.,
  .F.,(2,2),(-0.424264068712,0.424264068712),.PIECEWISE_BEZIER_KNOTS.);
#3532 = CARTESIAN_POINT('',(0.,0.));
#3533 = CARTESIAN_POINT('',(0.,-0.6));
#3534 = ( GEOMETRIC_REPRESENTATION_CONTEXT(2) 
PARAMETRIC_REPRESENTATION_CONTEXT() REPRESENTATION_CONTEXT('2D SPACE',''
  ) );
#3535 = ORIENTED_EDGE('',*,*,#3536,.T.);
#3536 = EDGE_CURVE('',#3516,#3494,#3537,.T.);
#3537 = SURFACE_CURVE('',#3538,(#3542,#3549),.PCURVE_S1.);
#3538 = LINE('',#3539,#3540);
#3539 = CARTESIAN_POINT('',(45.8,38.808296844003,9.436895709314E-16));
#3540 = VECTOR('',#3541,1.);
#3541 = DIRECTION('',(0.,-1.,-3.380376874389E-18));
#3542 = PCURVE('',#1714,#3543);
#3543 = DEFINITIONAL_REPRESENTATION('',(#3544),#3548);
#3544 = LINE('',#3545,#3546);
#3545 = CARTESIAN_POINT('',(-82.10793247911,0.424264068712));
#3546 = VECTOR('',#3547,1.);
#3547 = DIRECTION('',(1.,2.390287410847E-18));
#3548 = ( GEOMETRIC_REPRESENTATION_CONTEXT(2) 
PARAMETRIC_REPRESENTATION_CONTEXT() REPRESENTATION_CONTEXT('2D SPACE',''
  ) );
#3549 = PCURVE('',#3179,#3550);
#3550 = DEFINITIONAL_REPRESENTATION('',(#3551),#3555);
#3551 = LINE('',#3552,#3553);
#3552 = CARTESIAN_POINT('',(45.8,41.053966239559));
#3553 = VECTOR('',#3554,1.);
#3554 = DIRECTION('',(0.,-1.));
#3555 = ( GEOMETRIC_REPRESENTATION_CONTEXT(2) 
PARAMETRIC_REPRESENTATION_CONTEXT() REPRESENTATION_CONTEXT('2D SPACE',''
  ) );
#3556 = ADVANCED_FACE('',(#3557),#2132,.F.);
#3557 = FACE_BOUND('',#3558,.F.);
#3558 = EDGE_LOOP('',(#3559,#3560,#3561,#3582));
#3559 = ORIENTED_EDGE('',*,*,#3433,.F.);
#3560 = ORIENTED_EDGE('',*,*,#2116,.T.);
#3561 = ORIENTED_EDGE('',*,*,#3562,.T.);
#3562 = EDGE_CURVE('',#2089,#2462,#3563,.T.);
#3563 = SURFACE_CURVE('',#3564,(#3568,#3575),.PCURVE_S1.);
#3564 = LINE('',#3565,#3566);
#3565 = CARTESIAN_POINT('',(7.,26.007312382106,27.453016217106));
#3566 = VECTOR('',#3567,1.);
#3567 = DIRECTION('',(0.,0.819152044289,-0.573576436351));
#3568 = PCURVE('',#2132,#3569);
#3569 = DEFINITIONAL_REPRESENTATION('',(#3570),#3574);
#3570 = LINE('',#3571,#3572);
#3571 = CARTESIAN_POINT('',(0.,0.));
#3572 = VECTOR('',#3573,1.);
#3573 = DIRECTION('',(0.,-1.));
#3574 = ( GEOMETRIC_REPRESENTATION_CONTEXT(2) 
PARAMETRIC_REPRESENTATION_CONTEXT() REPRESENTATION_CONTEXT('2D SPACE',''
  ) );
#3575 = PCURVE('',#2104,#3576);
#3576 = DEFINITIONAL_REPRESENTATION('',(#3577),#3581);
#3577 = LINE('',#3578,#3579);
#3578 = CARTESIAN_POINT('',(14.,0.));
#3579 = VECTOR('',#3580,1.);
#3580 = DIRECTION('',(0.,1.));
#3581 = ( GEOMETRIC_REPRESENTATION_CONTEXT(2) 
PARAMETRIC_REPRESENTATION_CONTEXT() REPRESENTATION_CONTEXT('2D SPACE',''
  ) );
#3582 = ORIENTED_EDGE('',*,*,#2461,.F.);
#3583 = ADVANCED_FACE('',(#3584),#2104,.T.);
#3584 = FACE_BOUND('',#3585,.T.);
#3585 = EDGE_LOOP('',(#3586,#3587,#3588,#3589));
#3586 = ORIENTED_EDGE('',*,*,#2630,.F.);
#3587 = ORIENTED_EDGE('',*,*,#2088,.T.);
#3588 = ORIENTED_EDGE('',*,*,#3562,.T.);
#3589 = ORIENTED_EDGE('',*,*,#2482,.F.);
#3590 = ADVANCED_FACE('',(#3591),#2316,.T.);
#3591 = FACE_BOUND('',#3592,.T.);
#3592 = EDGE_LOOP('',(#3593));
#3593 = ORIENTED_EDGE('',*,*,#2301,.T.);
#3594 = ADVANCED_FACE('',(#3595),#2371,.T.);
#3595 = FACE_BOUND('',#3596,.T.);
#3596 = EDGE_LOOP('',(#3597));
#3597 = ORIENTED_EDGE('',*,*,#2356,.T.);
#3598 = ADVANCED_FACE('',(#3599),#2405,.T.);
#3599 = FACE_BOUND('',#3600,.F.);
#3600 = EDGE_LOOP('',(#3601,#3622,#3623,#3703));
#3601 = ORIENTED_EDGE('',*,*,#3602,.F.);
#3602 = EDGE_CURVE('',#2388,#3603,#3605,.T.);
#3603 = VERTEX_POINT('',#3604);
#3604 = CARTESIAN_POINT('',(40.4,44.208296844003,6.661338147751E-16));
#3605 = SURFACE_CURVE('',#3606,(#3610,#3616),.PCURVE_S1.);
#3606 = LINE('',#3607,#3608);
#3607 = CARTESIAN_POINT('',(40.4,44.808296844003,0.6));
#3608 = VECTOR('',#3609,1.);
#3609 = DIRECTION('',(-4.329780281177E-17,-0.707106781187,
    -0.707106781187));
#3610 = PCURVE('',#2405,#3611);
#3611 = DEFINITIONAL_REPRESENTATION('',(#3612),#3615);
#3612 = B_SPLINE_CURVE_WITH_KNOTS('',1,(#3613,#3614),.UNSPECIFIED.,.F.,
  .F.,(2,2),(0.,0.848528137424),.PIECEWISE_BEZIER_KNOTS.);
#3613 = CARTESIAN_POINT('',(0.,-0.424264068712));
#3614 = CARTESIAN_POINT('',(0.,0.424264068712));
#3615 = ( GEOMETRIC_REPRESENTATION_CONTEXT(2) 
PARAMETRIC_REPRESENTATION_CONTEXT() REPRESENTATION_CONTEXT('2D SPACE',''
  ) );
#3616 = PCURVE('',#3476,#3617);
#3617 = DEFINITIONAL_REPRESENTATION('',(#3618),#3621);
#3618 = B_SPLINE_CURVE_WITH_KNOTS('',1,(#3619,#3620),.UNSPECIFIED.,.F.,
  .F.,(2,2),(0.,0.848528137424),.PIECEWISE_BEZIER_KNOTS.);
#3619 = CARTESIAN_POINT('',(1.570796326795,0.));
#3620 = CARTESIAN_POINT('',(1.570796326795,-0.6));
#3621 = ( GEOMETRIC_REPRESENTATION_CONTEXT(2) 
PARAMETRIC_REPRESENTATION_CONTEXT() REPRESENTATION_CONTEXT('2D SPACE',''
  ) );
#3622 = ORIENTED_EDGE('',*,*,#2387,.T.);
#3623 = ORIENTED_EDGE('',*,*,#3624,.T.);
#3624 = EDGE_CURVE('',#2390,#3625,#3627,.T.);
#3625 = VERTEX_POINT('',#3626);
#3626 = CARTESIAN_POINT('',(6.7,44.208296844003,0.));
#3627 = SURFACE_CURVE('',#3628,(#3651,#3677),.PCURVE_S1.);
#3628 = B_SPLINE_CURVE_WITH_KNOTS('',5,(#3629,#3630,#3631,#3632,#3633,
    #3634,#3635,#3636,#3637,#3638,#3639,#3640,#3641,#3642,#3643,#3644,
    #3645,#3646,#3647,#3648,#3649,#3650),.UNSPECIFIED.,.F.,.F.,(6,4,4,4,
    4,6),(0.,0.120098262043,0.557493038831,0.784497038301,0.891600047958
    ,1.),.UNSPECIFIED.);
#3629 = CARTESIAN_POINT('',(7.,44.808296844003,0.6));
#3630 = CARTESIAN_POINT('',(6.993252313584,44.794801471171,
    0.586504627168));
#3631 = CARTESIAN_POINT('',(6.985784181869,44.779865207741,
    0.571568363738));
#3632 = CARTESIAN_POINT('',(6.978490632822,44.765278109646,
    0.556981265643));
#3633 = CARTESIAN_POINT('',(6.971508645063,44.751314134129,
    0.543017290126));
#3634 = CARTESIAN_POINT('',(6.937713722052,44.683724288106,
    0.475427444103));
#3635 = CARTESIAN_POINT('',(6.911261497371,44.630819838744,
    0.422522994742));
#3636 = CARTESIAN_POINT('',(6.884872435298,44.578041714599,
    0.369744870596));
#3637 = CARTESIAN_POINT('',(6.858547290097,44.525391424197,
    0.317094580194));
#3638 = CARTESIAN_POINT('',(6.81865786207,44.445612568144,0.237315724141
    ));
#3639 = CARTESIAN_POINT('',(6.805046328061,44.418389500125,
    0.210092656122));
#3640 = CARTESIAN_POINT('',(6.791452318318,44.391201480638,
    0.182904636635));
#3641 = CARTESIAN_POINT('',(6.777875937941,44.364048719885,
    0.155751875882));
#3642 = CARTESIAN_POINT('',(6.757920171965,44.324137187933,0.11584034393
    ));
#3643 = CARTESIAN_POINT('',(6.751523054833,44.311342953669,
    0.103046109666));
#3644 = CARTESIAN_POINT('',(6.745125940473,44.298548724949,
    9.025188094634E-02));
#3645 = CARTESIAN_POINT('',(6.738728828892,44.285754501786,
    7.745765778331E-02));
#3646 = CARTESIAN_POINT('',(6.725857146794,44.26001113759,
    5.171429358762E-02));
#3647 = CARTESIAN_POINT('',(6.71938674371,44.247070331423,
    3.877348741968E-02));
#3648 = CARTESIAN_POINT('',(6.712920178897,44.234137201798,
    2.584035779484E-02));
#3649 = CARTESIAN_POINT('',(6.70645811235,44.221213068703,
    1.291622469979E-02));
#3650 = CARTESIAN_POINT('',(6.7,44.208296844003,-4.107825191113E-15));
#3651 = PCURVE('',#2405,#3652);
#3652 = DEFINITIONAL_REPRESENTATION('',(#3653),#3676);
#3653 = B_SPLINE_CURVE_WITH_KNOTS('',5,(#3654,#3655,#3656,#3657,#3658,
    #3659,#3660,#3661,#3662,#3663,#3664,#3665,#3666,#3667,#3668,#3669,
    #3670,#3671,#3672,#3673,#3674,#3675),.UNSPECIFIED.,.F.,.F.,(6,4,4,4,
    4,6),(0.,0.120098262043,0.557493038831,0.784497038301,0.891600047958
    ,1.),.UNSPECIFIED.);
#3654 = CARTESIAN_POINT('',(-33.4,-0.424264068712));
#3655 = CARTESIAN_POINT('',(-33.40674768641,-0.405178729423));
#3656 = CARTESIAN_POINT('',(-33.41421581813,-0.38405566311));
#3657 = CARTESIAN_POINT('',(-33.42150936717,-0.363426391149));
#3658 = CARTESIAN_POINT('',(-33.42849135493,-0.343678347587));
#3659 = CARTESIAN_POINT('',(-33.46228627794,-0.248091870664));
#3660 = CARTESIAN_POINT('',(-33.48873850262,-0.173273680866));
#3661 = CARTESIAN_POINT('',(-33.5151275647,-9.863414190321E-02));
#3662 = CARTESIAN_POINT('',(-33.5414527099,-2.417538715319E-02));
#3663 = CARTESIAN_POINT('',(-33.58134213793,8.864895306782E-02));
#3664 = CARTESIAN_POINT('',(-33.59495367193,0.127148185069));
#3665 = CARTESIAN_POINT('',(-33.60854768168,0.165597850962));
#3666 = CARTESIAN_POINT('',(-33.62212406205,0.203997653475));
#3667 = CARTESIAN_POINT('',(-33.64207982803,0.260441083256));
#3668 = CARTESIAN_POINT('',(-33.64847694516,0.278534862872));
#3669 = CARTESIAN_POINT('',(-33.65487405952,0.296628634648));
#3670 = CARTESIAN_POINT('',(-33.6612711711,0.314722398565));
#3671 = CARTESIAN_POINT('',(-33.6741428532,0.351129013352));
#3672 = CARTESIAN_POINT('',(-33.68061325629,0.369430076943));
#3673 = CARTESIAN_POINT('',(-33.6870798211,0.387720284262));
#3674 = CARTESIAN_POINT('',(-33.69354188765,0.405997768567));
#3675 = CARTESIAN_POINT('',(-33.7,0.424264068712));
#3676 = ( GEOMETRIC_REPRESENTATION_CONTEXT(2) 
PARAMETRIC_REPRESENTATION_CONTEXT() REPRESENTATION_CONTEXT('2D SPACE',''
  ) );
#3677 = PCURVE('',#2614,#3678);
#3678 = DEFINITIONAL_REPRESENTATION('',(#3679),#3702);
#3679 = B_SPLINE_CURVE_WITH_KNOTS('',5,(#3680,#3681,#3682,#3683,#3684,
    #3685,#3686,#3687,#3688,#3689,#3690,#3691,#3692,#3693,#3694,#3695,
    #3696,#3697,#3698,#3699,#3700,#3701),.UNSPECIFIED.,.F.,.F.,(6,4,4,4,
    4,6),(0.,0.120098262043,0.557493038831,0.784497038301,0.891600047958
    ,1.),.UNSPECIFIED.);
#3680 = CARTESIAN_POINT('',(10.133333150793,0.125));
#3681 = CARTESIAN_POINT('',(10.119562872081,0.126686921604));
#3682 = CARTESIAN_POINT('',(10.104297259356,0.128553954533));
#3683 = CARTESIAN_POINT('',(10.089349093814,0.130377341795));
#3684 = CARTESIAN_POINT('',(10.075017367749,0.132122838734));
#3685 = CARTESIAN_POINT('',(10.005499171914,0.140571569487));
#3686 = CARTESIAN_POINT('',(9.950682034088,0.147184625657));
#3687 = CARTESIAN_POINT('',(9.895589340974,0.153781891175));
#3688 = CARTESIAN_POINT('',(9.840220544885,0.160363177476));
#3689 = CARTESIAN_POINT('',(9.755695709184,0.170335534482));
#3690 = CARTESIAN_POINT('',(9.726741754364,0.173738417985));
#3691 = CARTESIAN_POINT('',(9.69771323453,0.177136920421));
#3692 = CARTESIAN_POINT('',(9.668610087818,0.180531015515));
#3693 = CARTESIAN_POINT('',(9.625665832891,0.185519957009));
#3694 = CARTESIAN_POINT('',(9.611874293781,0.187119236292));
#3695 = CARTESIAN_POINT('',(9.598057548546,0.188718514882));
#3696 = CARTESIAN_POINT('',(9.584215504891,0.190317792777));
#3697 = CARTESIAN_POINT('',(9.55631270989,0.193535713302));
#3698 = CARTESIAN_POINT('',(9.542259921586,0.195153314073));
#3699 = CARTESIAN_POINT('',(9.52819111064,0.196769955276));
#3700 = CARTESIAN_POINT('',(9.514103606261,0.198385471913));
#3701 = CARTESIAN_POINT('',(9.499999682502,0.2));
#3702 = ( GEOMETRIC_REPRESENTATION_CONTEXT(2) 
PARAMETRIC_REPRESENTATION_CONTEXT() REPRESENTATION_CONTEXT('2D SPACE',''
  ) );
#3703 = ORIENTED_EDGE('',*,*,#3704,.F.);
#3704 = EDGE_CURVE('',#3603,#3625,#3705,.T.);
#3705 = SURFACE_CURVE('',#3706,(#3710,#3717),.PCURVE_S1.);
#3706 = LINE('',#3707,#3708);
#3707 = CARTESIAN_POINT('',(40.4,44.208296844003,0.));
#3708 = VECTOR('',#3709,1.);
#3709 = DIRECTION('',(-1.,0.,0.));
#3710 = PCURVE('',#2405,#3711);
#3711 = DEFINITIONAL_REPRESENTATION('',(#3712),#3716);
#3712 = LINE('',#3713,#3714);
#3713 = CARTESIAN_POINT('',(-0.,0.424264068712));
#3714 = VECTOR('',#3715,1.);
#3715 = DIRECTION('',(-1.,0.));
#3716 = ( GEOMETRIC_REPRESENTATION_CONTEXT(2) 
PARAMETRIC_REPRESENTATION_CONTEXT() REPRESENTATION_CONTEXT('2D SPACE',''
  ) );
#3717 = PCURVE('',#3179,#3718);
#3718 = DEFINITIONAL_REPRESENTATION('',(#3719),#3723);
#3719 = LINE('',#3720,#3721);
#3720 = CARTESIAN_POINT('',(40.4,46.453966239559));
#3721 = VECTOR('',#3722,1.);
#3722 = DIRECTION('',(-1.,0.));
#3723 = ( GEOMETRIC_REPRESENTATION_CONTEXT(2) 
PARAMETRIC_REPRESENTATION_CONTEXT() REPRESENTATION_CONTEXT('2D SPACE',''
  ) );
#3724 = ADVANCED_FACE('',(#3725),#2614,.F.);
#3725 = FACE_BOUND('',#3726,.F.);
#3726 = EDGE_LOOP('',(#3727,#3728,#3750,#3772,#3790));
#3727 = ORIENTED_EDGE('',*,*,#2602,.F.);
#3728 = ORIENTED_EDGE('',*,*,#3729,.T.);
#3729 = EDGE_CURVE('',#2578,#3730,#3732,.T.);
#3730 = VERTEX_POINT('',#3731);
#3731 = CARTESIAN_POINT('',(3.5,37.808296844003,5.5));
#3732 = SURFACE_CURVE('',#3733,(#3736,#3743),.PCURVE_S1.);
#3733 = B_SPLINE_CURVE_WITH_KNOTS('',1,(#3734,#3735),.UNSPECIFIED.,.F.,
  .F.,(2,2),(0.,1.),.PIECEWISE_BEZIER_KNOTS.);
#3734 = CARTESIAN_POINT('',(7.5,45.808296844003,9.5));
#3735 = CARTESIAN_POINT('',(3.5,37.808296844003,5.5));
#3736 = PCURVE('',#2614,#3737);
#3737 = DEFINITIONAL_REPRESENTATION('',(#3738),#3742);
#3738 = LINE('',#3739,#3740);
#3739 = CARTESIAN_POINT('',(19.,0.));
#3740 = VECTOR('',#3741,1.);
#3741 = DIRECTION('',(0.,1.));
#3742 = ( GEOMETRIC_REPRESENTATION_CONTEXT(2) 
PARAMETRIC_REPRESENTATION_CONTEXT() REPRESENTATION_CONTEXT('2D SPACE',''
  ) );
#3743 = PCURVE('',#2591,#3744);
#3744 = DEFINITIONAL_REPRESENTATION('',(#3745),#3749);
#3745 = LINE('',#3746,#3747);
#3746 = CARTESIAN_POINT('',(0.,0.));
#3747 = VECTOR('',#3748,1.);
#3748 = DIRECTION('',(0.,1.));
#3749 = ( GEOMETRIC_REPRESENTATION_CONTEXT(2) 
PARAMETRIC_REPRESENTATION_CONTEXT() REPRESENTATION_CONTEXT('2D SPACE',''
  ) );
#3750 = ORIENTED_EDGE('',*,*,#3751,.F.);
#3751 = EDGE_CURVE('',#3752,#3730,#3754,.T.);
#3752 = VERTEX_POINT('',#3753);
#3753 = CARTESIAN_POINT('',(3.5,37.808296844003,0.));
#3754 = SURFACE_CURVE('',#3755,(#3759,#3765),.PCURVE_S1.);
#3755 = LINE('',#3756,#3757);
#3756 = CARTESIAN_POINT('',(3.5,37.808296844003,-5.5));
#3757 = VECTOR('',#3758,1.);
#3758 = DIRECTION('',(0.,0.,1.));
#3759 = PCURVE('',#2614,#3760);
#3760 = DEFINITIONAL_REPRESENTATION('',(#3761),#3764);
#3761 = B_SPLINE_CURVE_WITH_KNOTS('',1,(#3762,#3763),.UNSPECIFIED.,.F.,
  .F.,(2,2),(0.,11.),.PIECEWISE_BEZIER_KNOTS.);
#3762 = CARTESIAN_POINT('',(0.,1.));
#3763 = CARTESIAN_POINT('',(19.,1.));
#3764 = ( GEOMETRIC_REPRESENTATION_CONTEXT(2) 
PARAMETRIC_REPRESENTATION_CONTEXT() REPRESENTATION_CONTEXT('2D SPACE',''
  ) );
#3765 = PCURVE('',#3153,#3766);
#3766 = DEFINITIONAL_REPRESENTATION('',(#3767),#3771);
#3767 = LINE('',#3768,#3769);
#3768 = CARTESIAN_POINT('',(-4.5,-89.10793247911));
#3769 = VECTOR('',#3770,1.);
#3770 = DIRECTION('',(1.,0.));
#3771 = ( GEOMETRIC_REPRESENTATION_CONTEXT(2) 
PARAMETRIC_REPRESENTATION_CONTEXT() REPRESENTATION_CONTEXT('2D SPACE',''
  ) );
#3772 = ORIENTED_EDGE('',*,*,#3773,.F.);
#3773 = EDGE_CURVE('',#3625,#3752,#3774,.T.);
#3774 = SURFACE_CURVE('',#3775,(#3778,#3784),.PCURVE_S1.);
#3775 = B_SPLINE_CURVE_WITH_KNOTS('',1,(#3776,#3777),.UNSPECIFIED.,.F.,
  .F.,(2,2),(0.,1.),.PIECEWISE_BEZIER_KNOTS.);
#3776 = CARTESIAN_POINT('',(6.7,44.208296844003,0.));
#3777 = CARTESIAN_POINT('',(3.5,37.808296844003,0.));
#3778 = PCURVE('',#2614,#3779);
#3779 = DEFINITIONAL_REPRESENTATION('',(#3780),#3783);
#3780 = B_SPLINE_CURVE_WITH_KNOTS('',1,(#3781,#3782),.UNSPECIFIED.,.F.,
  .F.,(2,2),(0.,1.),.PIECEWISE_BEZIER_KNOTS.);
#3781 = CARTESIAN_POINT('',(9.5,0.2));
#3782 = CARTESIAN_POINT('',(9.5,1.));
#3783 = ( GEOMETRIC_REPRESENTATION_CONTEXT(2) 
PARAMETRIC_REPRESENTATION_CONTEXT() REPRESENTATION_CONTEXT('2D SPACE',''
  ) );
#3784 = PCURVE('',#3179,#3785);
#3785 = DEFINITIONAL_REPRESENTATION('',(#3786),#3789);
#3786 = B_SPLINE_CURVE_WITH_KNOTS('',1,(#3787,#3788),.UNSPECIFIED.,.F.,
  .F.,(2,2),(0.,1.),.PIECEWISE_BEZIER_KNOTS.);
#3787 = CARTESIAN_POINT('',(6.7,46.453966239559));
#3788 = CARTESIAN_POINT('',(3.5,40.053966239559));
#3789 = ( GEOMETRIC_REPRESENTATION_CONTEXT(2) 
PARAMETRIC_REPRESENTATION_CONTEXT() REPRESENTATION_CONTEXT('2D SPACE',''
  ) );
#3790 = ORIENTED_EDGE('',*,*,#3624,.F.);
#3791 = ADVANCED_FACE('',(#3792),#2591,.F.);
#3792 = FACE_BOUND('',#3793,.F.);
#3793 = EDGE_LOOP('',(#3794,#3795,#3796,#3818));
#3794 = ORIENTED_EDGE('',*,*,#3729,.F.);
#3795 = ORIENTED_EDGE('',*,*,#2577,.F.);
#3796 = ORIENTED_EDGE('',*,*,#3797,.T.);
#3797 = EDGE_CURVE('',#2553,#3798,#3800,.T.);
#3798 = VERTEX_POINT('',#3799);
#3799 = CARTESIAN_POINT('',(-3.5,37.808296844003,5.5));
#3800 = SURFACE_CURVE('',#3801,(#3804,#3811),.PCURVE_S1.);
#3801 = B_SPLINE_CURVE_WITH_KNOTS('',1,(#3802,#3803),.UNSPECIFIED.,.F.,
  .F.,(2,2),(0.,1.),.PIECEWISE_BEZIER_KNOTS.);
#3802 = CARTESIAN_POINT('',(-7.5,45.808296844003,9.5));
#3803 = CARTESIAN_POINT('',(-3.5,37.808296844003,5.5));
#3804 = PCURVE('',#2591,#3805);
#3805 = DEFINITIONAL_REPRESENTATION('',(#3806),#3810);
#3806 = LINE('',#3807,#3808);
#3807 = CARTESIAN_POINT('',(15.,0.));
#3808 = VECTOR('',#3809,1.);
#3809 = DIRECTION('',(0.,1.));
#3810 = ( GEOMETRIC_REPRESENTATION_CONTEXT(2) 
PARAMETRIC_REPRESENTATION_CONTEXT() REPRESENTATION_CONTEXT('2D SPACE',''
  ) );
#3811 = PCURVE('',#2566,#3812);
#3812 = DEFINITIONAL_REPRESENTATION('',(#3813),#3817);
#3813 = LINE('',#3814,#3815);
#3814 = CARTESIAN_POINT('',(0.,0.));
#3815 = VECTOR('',#3816,1.);
#3816 = DIRECTION('',(0.,1.));
#3817 = ( GEOMETRIC_REPRESENTATION_CONTEXT(2) 
PARAMETRIC_REPRESENTATION_CONTEXT() REPRESENTATION_CONTEXT('2D SPACE',''
  ) );
#3818 = ORIENTED_EDGE('',*,*,#3819,.F.);
#3819 = EDGE_CURVE('',#3730,#3798,#3820,.T.);
#3820 = SURFACE_CURVE('',#3821,(#3825,#3831),.PCURVE_S1.);
#3821 = LINE('',#3822,#3823);
#3822 = CARTESIAN_POINT('',(3.5,37.808296844003,5.5));
#3823 = VECTOR('',#3824,1.);
#3824 = DIRECTION('',(-1.,0.,0.));
#3825 = PCURVE('',#2591,#3826);
#3826 = DEFINITIONAL_REPRESENTATION('',(#3827),#3830);
#3827 = B_SPLINE_CURVE_WITH_KNOTS('',1,(#3828,#3829),.UNSPECIFIED.,.F.,
  .F.,(2,2),(0.,7.),.PIECEWISE_BEZIER_KNOTS.);
#3828 = CARTESIAN_POINT('',(0.,1.));
#3829 = CARTESIAN_POINT('',(15.,1.));
#3830 = ( GEOMETRIC_REPRESENTATION_CONTEXT(2) 
PARAMETRIC_REPRESENTATION_CONTEXT() REPRESENTATION_CONTEXT('2D SPACE',''
  ) );
#3831 = PCURVE('',#3121,#3832);
#3832 = DEFINITIONAL_REPRESENTATION('',(#3833),#3837);
#3833 = LINE('',#3834,#3835);
#3834 = CARTESIAN_POINT('',(7.,89.107932479117));
#3835 = VECTOR('',#3836,1.);
#3836 = DIRECTION('',(-1.,0.));
#3837 = ( GEOMETRIC_REPRESENTATION_CONTEXT(2) 
PARAMETRIC_REPRESENTATION_CONTEXT() REPRESENTATION_CONTEXT('2D SPACE',''
  ) );
#3838 = ADVANCED_FACE('',(#3839),#2566,.F.);
#3839 = FACE_BOUND('',#3840,.F.);
#3840 = EDGE_LOOP('',(#3841,#3842,#3843,#3921,#3922));
#3841 = ORIENTED_EDGE('',*,*,#3797,.F.);
#3842 = ORIENTED_EDGE('',*,*,#2552,.F.);
#3843 = ORIENTED_EDGE('',*,*,#3844,.T.);
#3844 = EDGE_CURVE('',#2525,#2757,#3845,.T.);
#3845 = SURFACE_CURVE('',#3846,(#3869,#3895),.PCURVE_S1.);
#3846 = B_SPLINE_CURVE_WITH_KNOTS('',5,(#3847,#3848,#3849,#3850,#3851,
    #3852,#3853,#3854,#3855,#3856,#3857,#3858,#3859,#3860,#3861,#3862,
    #3863,#3864,#3865,#3866,#3867,#3868),.UNSPECIFIED.,.F.,.F.,(6,4,4,4,
    4,6),(0.,0.120098262043,0.557493038831,0.784497038301,0.891600047958
    ,1.),.UNSPECIFIED.);
#3847 = CARTESIAN_POINT('',(-7.,44.808296844003,0.6));
#3848 = CARTESIAN_POINT('',(-6.993252313584,44.794801471171,
    0.586504627168));
#3849 = CARTESIAN_POINT('',(-6.985784181869,44.779865207741,
    0.571568363738));
#3850 = CARTESIAN_POINT('',(-6.978490632822,44.765278109646,
    0.556981265643));
#3851 = CARTESIAN_POINT('',(-6.971508645063,44.751314134129,
    0.543017290126));
#3852 = CARTESIAN_POINT('',(-6.937713722052,44.683724288106,
    0.475427444103));
#3853 = CARTESIAN_POINT('',(-6.911261497371,44.630819838744,
    0.422522994742));
#3854 = CARTESIAN_POINT('',(-6.884872435298,44.578041714599,
    0.369744870596));
#3855 = CARTESIAN_POINT('',(-6.858547290097,44.525391424197,
    0.317094580194));
#3856 = CARTESIAN_POINT('',(-6.81865786207,44.445612568144,
    0.237315724141));
#3857 = CARTESIAN_POINT('',(-6.805046328061,44.418389500125,
    0.210092656122));
#3858 = CARTESIAN_POINT('',(-6.791452318318,44.391201480638,
    0.182904636635));
#3859 = CARTESIAN_POINT('',(-6.777875937941,44.364048719885,
    0.155751875882));
#3860 = CARTESIAN_POINT('',(-6.757920171965,44.324137187933,
    0.11584034393));
#3861 = CARTESIAN_POINT('',(-6.751523054833,44.311342953669,
    0.103046109666));
#3862 = CARTESIAN_POINT('',(-6.745125940473,44.298548724949,
    9.025188094634E-02));
#3863 = CARTESIAN_POINT('',(-6.738728828892,44.285754501786,
    7.745765778331E-02));
#3864 = CARTESIAN_POINT('',(-6.725857146794,44.26001113759,
    5.171429358762E-02));
#3865 = CARTESIAN_POINT('',(-6.71938674371,44.247070331423,
    3.877348741968E-02));
#3866 = CARTESIAN_POINT('',(-6.712920178897,44.234137201798,
    2.584035779484E-02));
#3867 = CARTESIAN_POINT('',(-6.70645811235,44.221213068703,
    1.291622469979E-02));
#3868 = CARTESIAN_POINT('',(-6.7,44.208296844003,-4.107825191113E-15));
#3869 = PCURVE('',#2566,#3870);
#3870 = DEFINITIONAL_REPRESENTATION('',(#3871),#3894);
#3871 = B_SPLINE_CURVE_WITH_KNOTS('',5,(#3872,#3873,#3874,#3875,#3876,
    #3877,#3878,#3879,#3880,#3881,#3882,#3883,#3884,#3885,#3886,#3887,
    #3888,#3889,#3890,#3891,#3892,#3893),.UNSPECIFIED.,.F.,.F.,(6,4,4,4,
    4,6),(0.,0.120098262043,0.557493038831,0.784497038301,0.891600047958
    ,1.),.UNSPECIFIED.);
#3872 = CARTESIAN_POINT('',(8.866666849207,0.125));
#3873 = CARTESIAN_POINT('',(8.880437127919,0.126686921604));
#3874 = CARTESIAN_POINT('',(8.895702740644,0.128553954533));
#3875 = CARTESIAN_POINT('',(8.910650906186,0.130377341795));
#3876 = CARTESIAN_POINT('',(8.924982632251,0.132122838734));
#3877 = CARTESIAN_POINT('',(8.994500828086,0.140571569487));
#3878 = CARTESIAN_POINT('',(9.049317965912,0.147184625657));
#3879 = CARTESIAN_POINT('',(9.104410659026,0.153781891175));
#3880 = CARTESIAN_POINT('',(9.159779455115,0.160363177476));
#3881 = CARTESIAN_POINT('',(9.244304290816,0.170335534482));
#3882 = CARTESIAN_POINT('',(9.273258245636,0.173738417985));
#3883 = CARTESIAN_POINT('',(9.30228676547,0.177136920421));
#3884 = CARTESIAN_POINT('',(9.331389912182,0.180531015515));
#3885 = CARTESIAN_POINT('',(9.374334167109,0.185519957009));
#3886 = CARTESIAN_POINT('',(9.388125706219,0.187119236292));
#3887 = CARTESIAN_POINT('',(9.401942451454,0.188718514882));
#3888 = CARTESIAN_POINT('',(9.415784495109,0.190317792777));
#3889 = CARTESIAN_POINT('',(9.44368729011,0.193535713302));
#3890 = CARTESIAN_POINT('',(9.457740078414,0.195153314073));
#3891 = CARTESIAN_POINT('',(9.47180888936,0.196769955276));
#3892 = CARTESIAN_POINT('',(9.485896393739,0.198385471913));
#3893 = CARTESIAN_POINT('',(9.500000317498,0.2));
#3894 = ( GEOMETRIC_REPRESENTATION_CONTEXT(2) 
PARAMETRIC_REPRESENTATION_CONTEXT() REPRESENTATION_CONTEXT('2D SPACE',''
  ) );
#3895 = PCURVE('',#2540,#3896);
#3896 = DEFINITIONAL_REPRESENTATION('',(#3897),#3920);
#3897 = B_SPLINE_CURVE_WITH_KNOTS('',5,(#3898,#3899,#3900,#3901,#3902,
    #3903,#3904,#3905,#3906,#3907,#3908,#3909,#3910,#3911,#3912,#3913,
    #3914,#3915,#3916,#3917,#3918,#3919),.UNSPECIFIED.,.F.,.F.,(6,4,4,4,
    4,6),(0.,0.120098262043,0.557493038831,0.784497038301,0.891600047958
    ,1.),.UNSPECIFIED.);
#3898 = CARTESIAN_POINT('',(-47.4,-0.424264068712));
#3899 = CARTESIAN_POINT('',(-47.39325231358,-0.405178729423));
#3900 = CARTESIAN_POINT('',(-47.38578418186,-0.38405566311));
#3901 = CARTESIAN_POINT('',(-47.37849063282,-0.363426391149));
#3902 = CARTESIAN_POINT('',(-47.37150864506,-0.343678347587));
#3903 = CARTESIAN_POINT('',(-47.33771372205,-0.248091870664));
#3904 = CARTESIAN_POINT('',(-47.31126149737,-0.173273680866));
#3905 = CARTESIAN_POINT('',(-47.28487243529,-9.863414190321E-02));
#3906 = CARTESIAN_POINT('',(-47.25854729009,-2.417538715319E-02));
#3907 = CARTESIAN_POINT('',(-47.21865786207,8.864895306782E-02));
#3908 = CARTESIAN_POINT('',(-47.20504632806,0.127148185069));
#3909 = CARTESIAN_POINT('',(-47.19145231831,0.165597850962));
#3910 = CARTESIAN_POINT('',(-47.17787593794,0.203997653475));
#3911 = CARTESIAN_POINT('',(-47.15792017196,0.260441083256));
#3912 = CARTESIAN_POINT('',(-47.15152305483,0.278534862872));
#3913 = CARTESIAN_POINT('',(-47.14512594047,0.296628634648));
#3914 = CARTESIAN_POINT('',(-47.13872882889,0.314722398565));
#3915 = CARTESIAN_POINT('',(-47.12585714679,0.351129013352));
#3916 = CARTESIAN_POINT('',(-47.11938674371,0.369430076943));
#3917 = CARTESIAN_POINT('',(-47.11292017889,0.387720284262));
#3918 = CARTESIAN_POINT('',(-47.10645811235,0.405997768567));
#3919 = CARTESIAN_POINT('',(-47.1,0.424264068712));
#3920 = ( GEOMETRIC_REPRESENTATION_CONTEXT(2) 
PARAMETRIC_REPRESENTATION_CONTEXT() REPRESENTATION_CONTEXT('2D SPACE',''
  ) );
#3921 = ORIENTED_EDGE('',*,*,#2756,.T.);
#3922 = ORIENTED_EDGE('',*,*,#3923,.F.);
#3923 = EDGE_CURVE('',#3798,#2759,#3924,.T.);
#3924 = SURFACE_CURVE('',#3925,(#3929,#3935),.PCURVE_S1.);
#3925 = LINE('',#3926,#3927);
#3926 = CARTESIAN_POINT('',(-3.5,37.808296844003,5.5));
#3927 = VECTOR('',#3928,1.);
#3928 = DIRECTION('',(0.,0.,-1.));
#3929 = PCURVE('',#2566,#3930);
#3930 = DEFINITIONAL_REPRESENTATION('',(#3931),#3934);
#3931 = B_SPLINE_CURVE_WITH_KNOTS('',1,(#3932,#3933),.UNSPECIFIED.,.F.,
  .F.,(2,2),(0.,11.),.PIECEWISE_BEZIER_KNOTS.);
#3932 = CARTESIAN_POINT('',(0.,1.));
#3933 = CARTESIAN_POINT('',(19.,1.));
#3934 = ( GEOMETRIC_REPRESENTATION_CONTEXT(2) 
PARAMETRIC_REPRESENTATION_CONTEXT() REPRESENTATION_CONTEXT('2D SPACE',''
  ) );
#3935 = PCURVE('',#2858,#3936);
#3936 = DEFINITIONAL_REPRESENTATION('',(#3937),#3941);
#3937 = LINE('',#3938,#3939);
#3938 = CARTESIAN_POINT('',(6.5,-89.10793247911));
#3939 = VECTOR('',#3940,1.);
#3940 = DIRECTION('',(-1.,0.));
#3941 = ( GEOMETRIC_REPRESENTATION_CONTEXT(2) 
PARAMETRIC_REPRESENTATION_CONTEXT() REPRESENTATION_CONTEXT('2D SPACE',''
  ) );
#3942 = ADVANCED_FACE('',(#3943),#2540,.T.);
#3943 = FACE_BOUND('',#3944,.F.);
#3944 = EDGE_LOOP('',(#3945,#3946,#3947,#3948));
#3945 = ORIENTED_EDGE('',*,*,#3844,.F.);
#3946 = ORIENTED_EDGE('',*,*,#2524,.T.);
#3947 = ORIENTED_EDGE('',*,*,#2655,.T.);
#3948 = ORIENTED_EDGE('',*,*,#2778,.F.);
#3949 = ADVANCED_FACE('',(#3950),#2720,.T.);
#3950 = FACE_BOUND('',#3951,.F.);
#3951 = EDGE_LOOP('',(#3952,#3953,#3954,#3955));
#3952 = ORIENTED_EDGE('',*,*,#2705,.F.);
#3953 = ORIENTED_EDGE('',*,*,#2963,.T.);
#3954 = ORIENTED_EDGE('',*,*,#3012,.T.);
#3955 = ORIENTED_EDGE('',*,*,#2802,.F.);
#3956 = ADVANCED_FACE('',(#3957),#2858,.T.);
#3957 = FACE_BOUND('',#3958,.T.);
#3958 = EDGE_LOOP('',(#3959,#3980,#3981,#3982));
#3959 = ORIENTED_EDGE('',*,*,#3960,.F.);
#3960 = EDGE_CURVE('',#2989,#3798,#3961,.T.);
#3961 = SURFACE_CURVE('',#3962,(#3966,#3973),.PCURVE_S1.);
#3962 = LINE('',#3963,#3964);
#3963 = CARTESIAN_POINT('',(-3.5,-51.29963563511,5.5));
#3964 = VECTOR('',#3965,1.);
#3965 = DIRECTION('',(0.,1.,0.));
#3966 = PCURVE('',#2858,#3967);
#3967 = DEFINITIONAL_REPRESENTATION('',(#3968),#3972);
#3968 = LINE('',#3969,#3970);
#3969 = CARTESIAN_POINT('',(6.5,0.));
#3970 = VECTOR('',#3971,1.);
#3971 = DIRECTION('',(0.,-1.));
#3972 = ( GEOMETRIC_REPRESENTATION_CONTEXT(2) 
PARAMETRIC_REPRESENTATION_CONTEXT() REPRESENTATION_CONTEXT('2D SPACE',''
  ) );
#3973 = PCURVE('',#3121,#3974);
#3974 = DEFINITIONAL_REPRESENTATION('',(#3975),#3979);
#3975 = LINE('',#3976,#3977);
#3976 = CARTESIAN_POINT('',(0.,0.));
#3977 = VECTOR('',#3978,1.);
#3978 = DIRECTION('',(0.,1.));
#3979 = ( GEOMETRIC_REPRESENTATION_CONTEXT(2) 
PARAMETRIC_REPRESENTATION_CONTEXT() REPRESENTATION_CONTEXT('2D SPACE',''
  ) );
#3980 = ORIENTED_EDGE('',*,*,#3061,.T.);
#3981 = ORIENTED_EDGE('',*,*,#2845,.T.);
#3982 = ORIENTED_EDGE('',*,*,#3923,.F.);
#3983 = ADVANCED_FACE('',(#3984),#2892,.F.);
#3984 = FACE_BOUND('',#3985,.T.);
#3985 = EDGE_LOOP('',(#3986,#3987,#4010,#4037));
#3986 = ORIENTED_EDGE('',*,*,#2871,.T.);
#3987 = ORIENTED_EDGE('',*,*,#3988,.T.);
#3988 = EDGE_CURVE('',#2872,#3989,#3991,.T.);
#3989 = VERTEX_POINT('',#3990);
#3990 = CARTESIAN_POINT('',(-33.15,-41.29963563511,0.79));
#3991 = SEAM_CURVE('',#3992,(#3996,#4003),.PCURVE_S1.);
#3992 = LINE('',#3993,#3994);
#3993 = CARTESIAN_POINT('',(-33.15,-41.29963563511,-1.E-02));
#3994 = VECTOR('',#3995,1.);
#3995 = DIRECTION('',(0.,0.,1.));
#3996 = PCURVE('',#2892,#3997);
#3997 = DEFINITIONAL_REPRESENTATION('',(#3998),#4002);
#3998 = LINE('',#3999,#4000);
#3999 = CARTESIAN_POINT('',(-6.28318530718,0.));
#4000 = VECTOR('',#4001,1.);
#4001 = DIRECTION('',(-0.,-1.));
#4002 = ( GEOMETRIC_REPRESENTATION_CONTEXT(2) 
PARAMETRIC_REPRESENTATION_CONTEXT() REPRESENTATION_CONTEXT('2D SPACE',''
  ) );
#4003 = PCURVE('',#2892,#4004);
#4004 = DEFINITIONAL_REPRESENTATION('',(#4005),#4009);
#4005 = LINE('',#4006,#4007);
#4006 = CARTESIAN_POINT('',(-0.,0.));
#4007 = VECTOR('',#4008,1.);
#4008 = DIRECTION('',(-0.,-1.));
#4009 = ( GEOMETRIC_REPRESENTATION_CONTEXT(2) 
PARAMETRIC_REPRESENTATION_CONTEXT() REPRESENTATION_CONTEXT('2D SPACE',''
  ) );
#4010 = ORIENTED_EDGE('',*,*,#4011,.T.);
#4011 = EDGE_CURVE('',#3989,#3989,#4012,.T.);
#4012 = SURFACE_CURVE('',#4013,(#4018,#4025),.PCURVE_S1.);
#4013 = CIRCLE('',#4014,5.25);
#4014 = AXIS2_PLACEMENT_3D('',#4015,#4016,#4017);
#4015 = CARTESIAN_POINT('',(-38.4,-41.29963563511,0.79));
#4016 = DIRECTION('',(0.,0.,1.));
#4017 = DIRECTION('',(1.,0.,0.));
#4018 = PCURVE('',#2892,#4019);
#4019 = DEFINITIONAL_REPRESENTATION('',(#4020),#4024);
#4020 = LINE('',#4021,#4022);
#4021 = CARTESIAN_POINT('',(-0.,-0.8));
#4022 = VECTOR('',#4023,1.);
#4023 = DIRECTION('',(-1.,0.));
#4024 = ( GEOMETRIC_REPRESENTATION_CONTEXT(2) 
PARAMETRIC_REPRESENTATION_CONTEXT() REPRESENTATION_CONTEXT('2D SPACE',''
  ) );
#4025 = PCURVE('',#4026,#4031);
#4026 = PLANE('',#4027);
#4027 = AXIS2_PLACEMENT_3D('',#4028,#4029,#4030);
#4028 = CARTESIAN_POINT('',(-38.4,-41.29963563511,0.79));
#4029 = DIRECTION('',(0.,0.,1.));
#4030 = DIRECTION('',(1.,0.,-0.));
#4031 = DEFINITIONAL_REPRESENTATION('',(#4032),#4036);
#4032 = CIRCLE('',#4033,5.25);
#4033 = AXIS2_PLACEMENT_2D('',#4034,#4035);
#4034 = CARTESIAN_POINT('',(0.,0.));
#4035 = DIRECTION('',(1.,0.));
#4036 = ( GEOMETRIC_REPRESENTATION_CONTEXT(2) 
PARAMETRIC_REPRESENTATION_CONTEXT() REPRESENTATION_CONTEXT('2D SPACE',''
  ) );
#4037 = ORIENTED_EDGE('',*,*,#3988,.F.);
#4038 = ADVANCED_FACE('',(#4039),#2927,.F.);
#4039 = FACE_BOUND('',#4040,.T.);
#4040 = EDGE_LOOP('',(#4041,#4042,#4065,#4092));
#4041 = ORIENTED_EDGE('',*,*,#2906,.T.);
#4042 = ORIENTED_EDGE('',*,*,#4043,.T.);
#4043 = EDGE_CURVE('',#2907,#4044,#4046,.T.);
#4044 = VERTEX_POINT('',#4045);
#4045 = CARTESIAN_POINT('',(-33.15,36.808296844003,0.79));
#4046 = SEAM_CURVE('',#4047,(#4051,#4058),.PCURVE_S1.);
#4047 = LINE('',#4048,#4049);
#4048 = CARTESIAN_POINT('',(-33.15,36.808296844003,-1.E-02));
#4049 = VECTOR('',#4050,1.);
#4050 = DIRECTION('',(0.,0.,1.));
#4051 = PCURVE('',#2927,#4052);
#4052 = DEFINITIONAL_REPRESENTATION('',(#4053),#4057);
#4053 = LINE('',#4054,#4055);
#4054 = CARTESIAN_POINT('',(-6.28318530718,0.));
#4055 = VECTOR('',#4056,1.);
#4056 = DIRECTION('',(-0.,-1.));
#4057 = ( GEOMETRIC_REPRESENTATION_CONTEXT(2) 
PARAMETRIC_REPRESENTATION_CONTEXT() REPRESENTATION_CONTEXT('2D SPACE',''
  ) );
#4058 = PCURVE('',#2927,#4059);
#4059 = DEFINITIONAL_REPRESENTATION('',(#4060),#4064);
#4060 = LINE('',#4061,#4062);
#4061 = CARTESIAN_POINT('',(-0.,0.));
#4062 = VECTOR('',#4063,1.);
#4063 = DIRECTION('',(-0.,-1.));
#4064 = ( GEOMETRIC_REPRESENTATION_CONTEXT(2) 
PARAMETRIC_REPRESENTATION_CONTEXT() REPRESENTATION_CONTEXT('2D SPACE',''
  ) );
#4065 = ORIENTED_EDGE('',*,*,#4066,.T.);
#4066 = EDGE_CURVE('',#4044,#4044,#4067,.T.);
#4067 = SURFACE_CURVE('',#4068,(#4073,#4080),.PCURVE_S1.);
#4068 = CIRCLE('',#4069,5.25);
#4069 = AXIS2_PLACEMENT_3D('',#4070,#4071,#4072);
#4070 = CARTESIAN_POINT('',(-38.4,36.808296844003,0.79));
#4071 = DIRECTION('',(0.,0.,1.));
#4072 = DIRECTION('',(1.,0.,0.));
#4073 = PCURVE('',#2927,#4074);
#4074 = DEFINITIONAL_REPRESENTATION('',(#4075),#4079);
#4075 = LINE('',#4076,#4077);
#4076 = CARTESIAN_POINT('',(-0.,-0.8));
#4077 = VECTOR('',#4078,1.);
#4078 = DIRECTION('',(-1.,0.));
#4079 = ( GEOMETRIC_REPRESENTATION_CONTEXT(2) 
PARAMETRIC_REPRESENTATION_CONTEXT() REPRESENTATION_CONTEXT('2D SPACE',''
  ) );
#4080 = PCURVE('',#4081,#4086);
#4081 = PLANE('',#4082);
#4082 = AXIS2_PLACEMENT_3D('',#4083,#4084,#4085);
#4083 = CARTESIAN_POINT('',(-38.4,-41.29963563511,0.79));
#4084 = DIRECTION('',(0.,0.,1.));
#4085 = DIRECTION('',(1.,0.,-0.));
#4086 = DEFINITIONAL_REPRESENTATION('',(#4087),#4091);
#4087 = CIRCLE('',#4088,5.25);
#4088 = AXIS2_PLACEMENT_2D('',#4089,#4090);
#4089 = CARTESIAN_POINT('',(0.,78.107932479117));
#4090 = DIRECTION('',(1.,0.));
#4091 = ( GEOMETRIC_REPRESENTATION_CONTEXT(2) 
PARAMETRIC_REPRESENTATION_CONTEXT() REPRESENTATION_CONTEXT('2D SPACE',''
  ) );
#4092 = ORIENTED_EDGE('',*,*,#4043,.F.);
#4093 = ADVANCED_FACE('',(#4094),#3121,.F.);
#4094 = FACE_BOUND('',#4095,.F.);
#4095 = EDGE_LOOP('',(#4096,#4117,#4118,#4119));
#4096 = ORIENTED_EDGE('',*,*,#4097,.T.);
#4097 = EDGE_CURVE('',#3085,#3730,#4098,.T.);
#4098 = SURFACE_CURVE('',#4099,(#4103,#4110),.PCURVE_S1.);
#4099 = LINE('',#4100,#4101);
#4100 = CARTESIAN_POINT('',(3.5,-51.29963563511,5.5));
#4101 = VECTOR('',#4102,1.);
#4102 = DIRECTION('',(0.,1.,0.));
#4103 = PCURVE('',#3121,#4104);
#4104 = DEFINITIONAL_REPRESENTATION('',(#4105),#4109);
#4105 = LINE('',#4106,#4107);
#4106 = CARTESIAN_POINT('',(7.,0.));
#4107 = VECTOR('',#4108,1.);
#4108 = DIRECTION('',(0.,1.));
#4109 = ( GEOMETRIC_REPRESENTATION_CONTEXT(2) 
PARAMETRIC_REPRESENTATION_CONTEXT() REPRESENTATION_CONTEXT('2D SPACE',''
  ) );
#4110 = PCURVE('',#3153,#4111);
#4111 = DEFINITIONAL_REPRESENTATION('',(#4112),#4116);
#4112 = LINE('',#4113,#4114);
#4113 = CARTESIAN_POINT('',(6.5,0.));
#4114 = VECTOR('',#4115,1.);
#4115 = DIRECTION('',(0.,-1.));
#4116 = ( GEOMETRIC_REPRESENTATION_CONTEXT(2) 
PARAMETRIC_REPRESENTATION_CONTEXT() REPRESENTATION_CONTEXT('2D SPACE',''
  ) );
#4117 = ORIENTED_EDGE('',*,*,#3819,.T.);
#4118 = ORIENTED_EDGE('',*,*,#3960,.F.);
#4119 = ORIENTED_EDGE('',*,*,#3108,.F.);
#4120 = ADVANCED_FACE('',(#4121),#3224,.T.);
#4121 = FACE_BOUND('',#4122,.F.);
#4122 = EDGE_LOOP('',(#4123,#4124,#4125,#4146));
#4123 = ORIENTED_EDGE('',*,*,#3190,.F.);
#4124 = ORIENTED_EDGE('',*,*,#3290,.T.);
#4125 = ORIENTED_EDGE('',*,*,#4126,.T.);
#4126 = EDGE_CURVE('',#3268,#4127,#4129,.T.);
#4127 = VERTEX_POINT('',#4128);
#4128 = CARTESIAN_POINT('',(40.4,-48.69963563511,-4.107825191113E-15));
#4129 = SURFACE_CURVE('',#4130,(#4134,#4140),.PCURVE_S1.);
#4130 = LINE('',#4131,#4132);
#4131 = CARTESIAN_POINT('',(40.4,-48.99963563511,0.3));
#4132 = VECTOR('',#4133,1.);
#4133 = DIRECTION('',(-0.,0.707106781187,-0.707106781187));
#4134 = PCURVE('',#3224,#4135);
#4135 = DEFINITIONAL_REPRESENTATION('',(#4136),#4139);
#4136 = B_SPLINE_CURVE_WITH_KNOTS('',1,(#4137,#4138),.UNSPECIFIED.,.F.,
  .F.,(2,2),(-0.424264068712,0.424264068712),.PIECEWISE_BEZIER_KNOTS.);
#4137 = CARTESIAN_POINT('',(-80.8,-0.424264068712));
#4138 = CARTESIAN_POINT('',(-80.8,0.424264068712));
#4139 = ( GEOMETRIC_REPRESENTATION_CONTEXT(2) 
PARAMETRIC_REPRESENTATION_CONTEXT() REPRESENTATION_CONTEXT('2D SPACE',''
  ) );
#4140 = PCURVE('',#3331,#4141);
#4141 = DEFINITIONAL_REPRESENTATION('',(#4142),#4145);
#4142 = B_SPLINE_CURVE_WITH_KNOTS('',1,(#4143,#4144),.UNSPECIFIED.,.F.,
  .F.,(2,2),(-0.424264068712,0.424264068712),.PIECEWISE_BEZIER_KNOTS.);
#4143 = CARTESIAN_POINT('',(0.,0.));
#4144 = CARTESIAN_POINT('',(0.,-0.6));
#4145 = ( GEOMETRIC_REPRESENTATION_CONTEXT(2) 
PARAMETRIC_REPRESENTATION_CONTEXT() REPRESENTATION_CONTEXT('2D SPACE',''
  ) );
#4146 = ORIENTED_EDGE('',*,*,#4147,.F.);
#4147 = EDGE_CURVE('',#3166,#4127,#4148,.T.);
#4148 = SURFACE_CURVE('',#4149,(#4153,#4160),.PCURVE_S1.);
#4149 = LINE('',#4150,#4151);
#4150 = CARTESIAN_POINT('',(-40.4,-48.69963563511,0.));
#4151 = VECTOR('',#4152,1.);
#4152 = DIRECTION('',(1.,0.,0.));
#4153 = PCURVE('',#3224,#4154);
#4154 = DEFINITIONAL_REPRESENTATION('',(#4155),#4159);
#4155 = LINE('',#4156,#4157);
#4156 = CARTESIAN_POINT('',(-0.,0.424264068712));
#4157 = VECTOR('',#4158,1.);
#4158 = DIRECTION('',(-1.,0.));
#4159 = ( GEOMETRIC_REPRESENTATION_CONTEXT(2) 
PARAMETRIC_REPRESENTATION_CONTEXT() REPRESENTATION_CONTEXT('2D SPACE',''
  ) );
#4160 = PCURVE('',#3179,#4161);
#4161 = DEFINITIONAL_REPRESENTATION('',(#4162),#4166);
#4162 = LINE('',#4163,#4164);
#4163 = CARTESIAN_POINT('',(-40.4,-46.45396623955));
#4164 = VECTOR('',#4165,1.);
#4165 = DIRECTION('',(1.,0.));
#4166 = ( GEOMETRIC_REPRESENTATION_CONTEXT(2) 
PARAMETRIC_REPRESENTATION_CONTEXT() REPRESENTATION_CONTEXT('2D SPACE',''
  ) );
#4167 = ADVANCED_FACE('',(#4168,#4238,#4273),#3179,.F.);
#4168 = FACE_BOUND('',#4169,.F.);
#4169 = EDGE_LOOP('',(#4170,#4171,#4172,#4191,#4192,#4193,#4215,#4216));
#4170 = ORIENTED_EDGE('',*,*,#3704,.T.);
#4171 = ORIENTED_EDGE('',*,*,#3773,.T.);
#4172 = ORIENTED_EDGE('',*,*,#4173,.F.);
#4173 = EDGE_CURVE('',#3139,#3752,#4174,.T.);
#4174 = SURFACE_CURVE('',#4175,(#4179,#4185),.PCURVE_S1.);
#4175 = LINE('',#4176,#4177);
#4176 = CARTESIAN_POINT('',(3.5,-26.77265251533,0.));
#4177 = VECTOR('',#4178,1.);
#4178 = DIRECTION('',(0.,1.,0.));
#4179 = PCURVE('',#3179,#4180);
#4180 = DEFINITIONAL_REPRESENTATION('',(#4181),#4184);
#4181 = B_SPLINE_CURVE_WITH_KNOTS('',1,(#4182,#4183),.UNSPECIFIED.,.F.,
  .F.,(2,2),(-21.92698311977,70.980949359338),.PIECEWISE_BEZIER_KNOTS.);
#4182 = CARTESIAN_POINT('',(3.5,-46.45396623955));
#4183 = CARTESIAN_POINT('',(3.5,46.453966239559));
#4184 = ( GEOMETRIC_REPRESENTATION_CONTEXT(2) 
PARAMETRIC_REPRESENTATION_CONTEXT() REPRESENTATION_CONTEXT('2D SPACE',''
  ) );
#4185 = PCURVE('',#3153,#4186);
#4186 = DEFINITIONAL_REPRESENTATION('',(#4187),#4190);
#4187 = B_SPLINE_CURVE_WITH_KNOTS('',1,(#4188,#4189),.UNSPECIFIED.,.F.,
  .F.,(2,2),(-21.92698311977,70.980949359338),.PIECEWISE_BEZIER_KNOTS.);
#4188 = CARTESIAN_POINT('',(1.,-2.6));
#4189 = CARTESIAN_POINT('',(1.,-95.50793247911));
#4190 = ( GEOMETRIC_REPRESENTATION_CONTEXT(2) 
PARAMETRIC_REPRESENTATION_CONTEXT() REPRESENTATION_CONTEXT('2D SPACE',''
  ) );
#4191 = ORIENTED_EDGE('',*,*,#3165,.F.);
#4192 = ORIENTED_EDGE('',*,*,#4147,.T.);
#4193 = ORIENTED_EDGE('',*,*,#4194,.T.);
#4194 = EDGE_CURVE('',#4127,#3494,#4195,.T.);
#4195 = SURFACE_CURVE('',#4196,(#4201,#4208),.PCURVE_S1.);
#4196 = CIRCLE('',#4197,5.4);
#4197 = AXIS2_PLACEMENT_3D('',#4198,#4199,#4200);
#4198 = CARTESIAN_POINT('',(40.4,-43.29963563511,0.));
#4199 = DIRECTION('',(0.,0.,1.));
#4200 = DIRECTION('',(0.,-1.,0.));
#4201 = PCURVE('',#3179,#4202);
#4202 = DEFINITIONAL_REPRESENTATION('',(#4203),#4207);
#4203 = CIRCLE('',#4204,5.4);
#4204 = AXIS2_PLACEMENT_2D('',#4205,#4206);
#4205 = CARTESIAN_POINT('',(40.4,-41.05396623955));
#4206 = DIRECTION('',(0.,-1.));
#4207 = ( GEOMETRIC_REPRESENTATION_CONTEXT(2) 
PARAMETRIC_REPRESENTATION_CONTEXT() REPRESENTATION_CONTEXT('2D SPACE',''
  ) );
#4208 = PCURVE('',#3331,#4209);
#4209 = DEFINITIONAL_REPRESENTATION('',(#4210),#4214);
#4210 = LINE('',#4211,#4212);
#4211 = CARTESIAN_POINT('',(0.,-0.6));
#4212 = VECTOR('',#4213,1.);
#4213 = DIRECTION('',(1.,-0.));
#4214 = ( GEOMETRIC_REPRESENTATION_CONTEXT(2) 
PARAMETRIC_REPRESENTATION_CONTEXT() REPRESENTATION_CONTEXT('2D SPACE',''
  ) );
#4215 = ORIENTED_EDGE('',*,*,#3536,.F.);
#4216 = ORIENTED_EDGE('',*,*,#4217,.T.);
#4217 = EDGE_CURVE('',#3516,#3603,#4218,.T.);
#4218 = SURFACE_CURVE('',#4219,(#4224,#4231),.PCURVE_S1.);
#4219 = CIRCLE('',#4220,5.4);
#4220 = AXIS2_PLACEMENT_3D('',#4221,#4222,#4223);
#4221 = CARTESIAN_POINT('',(40.4,38.808296844003,0.));
#4222 = DIRECTION('',(0.,0.,1.));
#4223 = DIRECTION('',(1.,0.,-0.));
#4224 = PCURVE('',#3179,#4225);
#4225 = DEFINITIONAL_REPRESENTATION('',(#4226),#4230);
#4226 = CIRCLE('',#4227,5.4);
#4227 = AXIS2_PLACEMENT_2D('',#4228,#4229);
#4228 = CARTESIAN_POINT('',(40.4,41.053966239559));
#4229 = DIRECTION('',(1.,0.));
#4230 = ( GEOMETRIC_REPRESENTATION_CONTEXT(2) 
PARAMETRIC_REPRESENTATION_CONTEXT() REPRESENTATION_CONTEXT('2D SPACE',''
  ) );
#4231 = PCURVE('',#3476,#4232);
#4232 = DEFINITIONAL_REPRESENTATION('',(#4233),#4237);
#4233 = LINE('',#4234,#4235);
#4234 = CARTESIAN_POINT('',(0.,-0.6));
#4235 = VECTOR('',#4236,1.);
#4236 = DIRECTION('',(1.,-0.));
#4237 = ( GEOMETRIC_REPRESENTATION_CONTEXT(2) 
PARAMETRIC_REPRESENTATION_CONTEXT() REPRESENTATION_CONTEXT('2D SPACE',''
  ) );
#4238 = FACE_BOUND('',#4239,.F.);
#4239 = EDGE_LOOP('',(#4240));
#4240 = ORIENTED_EDGE('',*,*,#4241,.T.);
#4241 = EDGE_CURVE('',#4242,#4242,#4244,.T.);
#4242 = VERTEX_POINT('',#4243);
#4243 = CARTESIAN_POINT('',(43.65,-41.29963563511,0.));
#4244 = SURFACE_CURVE('',#4245,(#4250,#4261),.PCURVE_S1.);
#4245 = CIRCLE('',#4246,5.25);
#4246 = AXIS2_PLACEMENT_3D('',#4247,#4248,#4249);
#4247 = CARTESIAN_POINT('',(38.4,-41.29963563511,0.));
#4248 = DIRECTION('',(0.,0.,-1.));
#4249 = DIRECTION('',(1.,0.,0.));
#4250 = PCURVE('',#3179,#4251);
#4251 = DEFINITIONAL_REPRESENTATION('',(#4252),#4260);
#4252 = ( BOUNDED_CURVE() B_SPLINE_CURVE(2,(#4253,#4254,#4255,#4256,
#4257,#4258,#4259),.UNSPECIFIED.,.T.,.F.) B_SPLINE_CURVE_WITH_KNOTS((1,2
    ,2,2,2,1),(-2.094395102393,0.,2.094395102393,4.188790204786,
6.28318530718,8.377580409573),.UNSPECIFIED.) CURVE() 
GEOMETRIC_REPRESENTATION_ITEM() RATIONAL_B_SPLINE_CURVE((1.,0.5,1.,0.5,
1.,0.5,1.)) REPRESENTATION_ITEM('') );
#4253 = CARTESIAN_POINT('',(43.65,-39.05396623955));
#4254 = CARTESIAN_POINT('',(43.65,-48.14723297929));
#4255 = CARTESIAN_POINT('',(35.775,-43.60059960942));
#4256 = CARTESIAN_POINT('',(27.9,-39.05396623955));
#4257 = CARTESIAN_POINT('',(35.775,-34.50733286969));
#4258 = CARTESIAN_POINT('',(43.65,-29.96069949982));
#4259 = CARTESIAN_POINT('',(43.65,-39.05396623955));
#4260 = ( GEOMETRIC_REPRESENTATION_CONTEXT(2) 
PARAMETRIC_REPRESENTATION_CONTEXT() REPRESENTATION_CONTEXT('2D SPACE',''
  ) );
#4261 = PCURVE('',#4262,#4267);
#4262 = CYLINDRICAL_SURFACE('',#4263,5.25);
#4263 = AXIS2_PLACEMENT_3D('',#4264,#4265,#4266);
#4264 = CARTESIAN_POINT('',(38.4,-41.29963563511,-1.E-02));
#4265 = DIRECTION('',(-0.,-0.,-1.));
#4266 = DIRECTION('',(1.,0.,0.));
#4267 = DEFINITIONAL_REPRESENTATION('',(#4268),#4272);
#4268 = LINE('',#4269,#4270);
#4269 = CARTESIAN_POINT('',(-6.28318530718,-1.E-02));
#4270 = VECTOR('',#4271,1.);
#4271 = DIRECTION('',(1.,-0.));
#4272 = ( GEOMETRIC_REPRESENTATION_CONTEXT(2) 
PARAMETRIC_REPRESENTATION_CONTEXT() REPRESENTATION_CONTEXT('2D SPACE',''
  ) );
#4273 = FACE_BOUND('',#4274,.F.);
#4274 = EDGE_LOOP('',(#4275));
#4275 = ORIENTED_EDGE('',*,*,#4276,.T.);
#4276 = EDGE_CURVE('',#4277,#4277,#4279,.T.);
#4277 = VERTEX_POINT('',#4278);
#4278 = CARTESIAN_POINT('',(43.65,36.808296844003,0.));
#4279 = SURFACE_CURVE('',#4280,(#4285,#4296),.PCURVE_S1.);
#4280 = CIRCLE('',#4281,5.25);
#4281 = AXIS2_PLACEMENT_3D('',#4282,#4283,#4284);
#4282 = CARTESIAN_POINT('',(38.4,36.808296844003,0.));
#4283 = DIRECTION('',(0.,0.,-1.));
#4284 = DIRECTION('',(1.,0.,0.));
#4285 = PCURVE('',#3179,#4286);
#4286 = DEFINITIONAL_REPRESENTATION('',(#4287),#4295);
#4287 = ( BOUNDED_CURVE() B_SPLINE_CURVE(2,(#4288,#4289,#4290,#4291,
#4292,#4293,#4294),.UNSPECIFIED.,.T.,.F.) B_SPLINE_CURVE_WITH_KNOTS((1,2
    ,2,2,2,1),(-2.094395102393,0.,2.094395102393,4.188790204786,
6.28318530718,8.377580409573),.UNSPECIFIED.) CURVE() 
GEOMETRIC_REPRESENTATION_ITEM() RATIONAL_B_SPLINE_CURVE((1.,0.5,1.,0.5,
1.,0.5,1.)) REPRESENTATION_ITEM('') );
#4288 = CARTESIAN_POINT('',(43.65,39.053966239559));
#4289 = CARTESIAN_POINT('',(43.65,29.960699499822));
#4290 = CARTESIAN_POINT('',(35.775,34.50733286969));
#4291 = CARTESIAN_POINT('',(27.9,39.053966239559));
#4292 = CARTESIAN_POINT('',(35.775,43.600599609427));
#4293 = CARTESIAN_POINT('',(43.65,48.147232979295));
#4294 = CARTESIAN_POINT('',(43.65,39.053966239559));
#4295 = ( GEOMETRIC_REPRESENTATION_CONTEXT(2) 
PARAMETRIC_REPRESENTATION_CONTEXT() REPRESENTATION_CONTEXT('2D SPACE',''
  ) );
#4296 = PCURVE('',#4297,#4302);
#4297 = CYLINDRICAL_SURFACE('',#4298,5.25);
#4298 = AXIS2_PLACEMENT_3D('',#4299,#4300,#4301);
#4299 = CARTESIAN_POINT('',(38.4,36.808296844003,-1.E-02));
#4300 = DIRECTION('',(-0.,-0.,-1.));
#4301 = DIRECTION('',(1.,0.,0.));
#4302 = DEFINITIONAL_REPRESENTATION('',(#4303),#4307);
#4303 = LINE('',#4304,#4305);
#4304 = CARTESIAN_POINT('',(-6.28318530718,-1.E-02));
#4305 = VECTOR('',#4306,1.);
#4306 = DIRECTION('',(1.,-0.));
#4307 = ( GEOMETRIC_REPRESENTATION_CONTEXT(2) 
PARAMETRIC_REPRESENTATION_CONTEXT() REPRESENTATION_CONTEXT('2D SPACE',''
  ) );
#4308 = ADVANCED_FACE('',(#4309),#3153,.F.);
#4309 = FACE_BOUND('',#4310,.F.);
#4310 = EDGE_LOOP('',(#4311,#4312,#4313,#4314));
#4311 = ORIENTED_EDGE('',*,*,#4097,.F.);
#4312 = ORIENTED_EDGE('',*,*,#3138,.F.);
#4313 = ORIENTED_EDGE('',*,*,#4173,.T.);
#4314 = ORIENTED_EDGE('',*,*,#3751,.T.);
#4315 = ADVANCED_FACE('',(#4316),#3331,.T.);
#4316 = FACE_BOUND('',#4317,.F.);
#4317 = EDGE_LOOP('',(#4318,#4319,#4320,#4321));
#4318 = ORIENTED_EDGE('',*,*,#4126,.F.);
#4319 = ORIENTED_EDGE('',*,*,#3316,.T.);
#4320 = ORIENTED_EDGE('',*,*,#3493,.T.);
#4321 = ORIENTED_EDGE('',*,*,#4194,.F.);
#4322 = ADVANCED_FACE('',(#4323),#3476,.T.);
#4323 = FACE_BOUND('',#4324,.F.);
#4324 = EDGE_LOOP('',(#4325,#4326,#4327,#4328));
#4325 = ORIENTED_EDGE('',*,*,#3515,.F.);
#4326 = ORIENTED_EDGE('',*,*,#3461,.T.);
#4327 = ORIENTED_EDGE('',*,*,#3602,.T.);
#4328 = ORIENTED_EDGE('',*,*,#4217,.F.);
#4329 = ADVANCED_FACE('',(#4330),#4026,.F.);
#4330 = FACE_BOUND('',#4331,.F.);
#4331 = EDGE_LOOP('',(#4332));
#4332 = ORIENTED_EDGE('',*,*,#4011,.T.);
#4333 = ADVANCED_FACE('',(#4334),#4081,.F.);
#4334 = FACE_BOUND('',#4335,.F.);
#4335 = EDGE_LOOP('',(#4336));
#4336 = ORIENTED_EDGE('',*,*,#4066,.T.);
#4337 = ADVANCED_FACE('',(#4338),#4262,.F.);
#4338 = FACE_BOUND('',#4339,.T.);
#4339 = EDGE_LOOP('',(#4340,#4341,#4364,#4391));
#4340 = ORIENTED_EDGE('',*,*,#4241,.T.);
#4341 = ORIENTED_EDGE('',*,*,#4342,.T.);
#4342 = EDGE_CURVE('',#4242,#4343,#4345,.T.);
#4343 = VERTEX_POINT('',#4344);
#4344 = CARTESIAN_POINT('',(43.65,-41.29963563511,0.79));
#4345 = SEAM_CURVE('',#4346,(#4350,#4357),.PCURVE_S1.);
#4346 = LINE('',#4347,#4348);
#4347 = CARTESIAN_POINT('',(43.65,-41.29963563511,-1.E-02));
#4348 = VECTOR('',#4349,1.);
#4349 = DIRECTION('',(0.,0.,1.));
#4350 = PCURVE('',#4262,#4351);
#4351 = DEFINITIONAL_REPRESENTATION('',(#4352),#4356);
#4352 = LINE('',#4353,#4354);
#4353 = CARTESIAN_POINT('',(-6.28318530718,0.));
#4354 = VECTOR('',#4355,1.);
#4355 = DIRECTION('',(-0.,-1.));
#4356 = ( GEOMETRIC_REPRESENTATION_CONTEXT(2) 
PARAMETRIC_REPRESENTATION_CONTEXT() REPRESENTATION_CONTEXT('2D SPACE',''
  ) );
#4357 = PCURVE('',#4262,#4358);
#4358 = DEFINITIONAL_REPRESENTATION('',(#4359),#4363);
#4359 = LINE('',#4360,#4361);
#4360 = CARTESIAN_POINT('',(-0.,0.));
#4361 = VECTOR('',#4362,1.);
#4362 = DIRECTION('',(-0.,-1.));
#4363 = ( GEOMETRIC_REPRESENTATION_CONTEXT(2) 
PARAMETRIC_REPRESENTATION_CONTEXT() REPRESENTATION_CONTEXT('2D SPACE',''
  ) );
#4364 = ORIENTED_EDGE('',*,*,#4365,.T.);
#4365 = EDGE_CURVE('',#4343,#4343,#4366,.T.);
#4366 = SURFACE_CURVE('',#4367,(#4372,#4379),.PCURVE_S1.);
#4367 = CIRCLE('',#4368,5.25);
#4368 = AXIS2_PLACEMENT_3D('',#4369,#4370,#4371);
#4369 = CARTESIAN_POINT('',(38.4,-41.29963563511,0.79));
#4370 = DIRECTION('',(0.,0.,1.));
#4371 = DIRECTION('',(1.,0.,0.));
#4372 = PCURVE('',#4262,#4373);
#4373 = DEFINITIONAL_REPRESENTATION('',(#4374),#4378);
#4374 = LINE('',#4375,#4376);
#4375 = CARTESIAN_POINT('',(-0.,-0.8));
#4376 = VECTOR('',#4377,1.);
#4377 = DIRECTION('',(-1.,0.));
#4378 = ( GEOMETRIC_REPRESENTATION_CONTEXT(2) 
PARAMETRIC_REPRESENTATION_CONTEXT() REPRESENTATION_CONTEXT('2D SPACE',''
  ) );
#4379 = PCURVE('',#4380,#4385);
#4380 = PLANE('',#4381);
#4381 = AXIS2_PLACEMENT_3D('',#4382,#4383,#4384);
#4382 = CARTESIAN_POINT('',(-38.4,-41.29963563511,0.79));
#4383 = DIRECTION('',(0.,0.,1.));
#4384 = DIRECTION('',(1.,0.,-0.));
#4385 = DEFINITIONAL_REPRESENTATION('',(#4386),#4390);
#4386 = CIRCLE('',#4387,5.25);
#4387 = AXIS2_PLACEMENT_2D('',#4388,#4389);
#4388 = CARTESIAN_POINT('',(76.8,0.));
#4389 = DIRECTION('',(1.,0.));
#4390 = ( GEOMETRIC_REPRESENTATION_CONTEXT(2) 
PARAMETRIC_REPRESENTATION_CONTEXT() REPRESENTATION_CONTEXT('2D SPACE',''
  ) );
#4391 = ORIENTED_EDGE('',*,*,#4342,.F.);
#4392 = ADVANCED_FACE('',(#4393),#4297,.F.);
#4393 = FACE_BOUND('',#4394,.T.);
#4394 = EDGE_LOOP('',(#4395,#4396,#4419,#4446));
#4395 = ORIENTED_EDGE('',*,*,#4276,.T.);
#4396 = ORIENTED_EDGE('',*,*,#4397,.T.);
#4397 = EDGE_CURVE('',#4277,#4398,#4400,.T.);
#4398 = VERTEX_POINT('',#4399);
#4399 = CARTESIAN_POINT('',(43.65,36.808296844003,0.79));
#4400 = SEAM_CURVE('',#4401,(#4405,#4412),.PCURVE_S1.);
#4401 = LINE('',#4402,#4403);
#4402 = CARTESIAN_POINT('',(43.65,36.808296844003,-1.E-02));
#4403 = VECTOR('',#4404,1.);
#4404 = DIRECTION('',(0.,0.,1.));
#4405 = PCURVE('',#4297,#4406);
#4406 = DEFINITIONAL_REPRESENTATION('',(#4407),#4411);
#4407 = LINE('',#4408,#4409);
#4408 = CARTESIAN_POINT('',(-6.28318530718,0.));
#4409 = VECTOR('',#4410,1.);
#4410 = DIRECTION('',(-0.,-1.));
#4411 = ( GEOMETRIC_REPRESENTATION_CONTEXT(2) 
PARAMETRIC_REPRESENTATION_CONTEXT() REPRESENTATION_CONTEXT('2D SPACE',''
  ) );
#4412 = PCURVE('',#4297,#4413);
#4413 = DEFINITIONAL_REPRESENTATION('',(#4414),#4418);
#4414 = LINE('',#4415,#4416);
#4415 = CARTESIAN_POINT('',(-0.,0.));
#4416 = VECTOR('',#4417,1.);
#4417 = DIRECTION('',(-0.,-1.));
#4418 = ( GEOMETRIC_REPRESENTATION_CONTEXT(2) 
PARAMETRIC_REPRESENTATION_CONTEXT() REPRESENTATION_CONTEXT('2D SPACE',''
  ) );
#4419 = ORIENTED_EDGE('',*,*,#4420,.T.);
#4420 = EDGE_CURVE('',#4398,#4398,#4421,.T.);
#4421 = SURFACE_CURVE('',#4422,(#4427,#4434),.PCURVE_S1.);
#4422 = CIRCLE('',#4423,5.25);
#4423 = AXIS2_PLACEMENT_3D('',#4424,#4425,#4426);
#4424 = CARTESIAN_POINT('',(38.4,36.808296844003,0.79));
#4425 = DIRECTION('',(0.,0.,1.));
#4426 = DIRECTION('',(1.,0.,0.));
#4427 = PCURVE('',#4297,#4428);
#4428 = DEFINITIONAL_REPRESENTATION('',(#4429),#4433);
#4429 = LINE('',#4430,#4431);
#4430 = CARTESIAN_POINT('',(-0.,-0.8));
#4431 = VECTOR('',#4432,1.);
#4432 = DIRECTION('',(-1.,0.));
#4433 = ( GEOMETRIC_REPRESENTATION_CONTEXT(2) 
PARAMETRIC_REPRESENTATION_CONTEXT() REPRESENTATION_CONTEXT('2D SPACE',''
  ) );
#4434 = PCURVE('',#4435,#4440);
#4435 = PLANE('',#4436);
#4436 = AXIS2_PLACEMENT_3D('',#4437,#4438,#4439);
#4437 = CARTESIAN_POINT('',(-38.4,-41.29963563511,0.79));
#4438 = DIRECTION('',(0.,0.,1.));
#4439 = DIRECTION('',(1.,0.,-0.));
#4440 = DEFINITIONAL_REPRESENTATION('',(#4441),#4445);
#4441 = CIRCLE('',#4442,5.25);
#4442 = AXIS2_PLACEMENT_2D('',#4443,#4444);
#4443 = CARTESIAN_POINT('',(76.8,78.107932479117));
#4444 = DIRECTION('',(1.,0.));
#4445 = ( GEOMETRIC_REPRESENTATION_CONTEXT(2) 
PARAMETRIC_REPRESENTATION_CONTEXT() REPRESENTATION_CONTEXT('2D SPACE',''
  ) );
#4446 = ORIENTED_EDGE('',*,*,#4397,.F.);
#4447 = ADVANCED_FACE('',(#4448),#4380,.F.);
#4448 = FACE_BOUND('',#4449,.F.);
#4449 = EDGE_LOOP('',(#4450));
#4450 = ORIENTED_EDGE('',*,*,#4365,.T.);
#4451 = ADVANCED_FACE('',(#4452),#4435,.F.);
#4452 = FACE_BOUND('',#4453,.F.);
#4453 = EDGE_LOOP('',(#4454));
#4454 = ORIENTED_EDGE('',*,*,#4420,.T.);
#4455 = ( GEOMETRIC_REPRESENTATION_CONTEXT(3) 
GLOBAL_UNCERTAINTY_ASSIGNED_CONTEXT((#4459)) 
GLOBAL_UNIT_ASSIGNED_CONTEXT((#4456,#4457,#4458)) REPRESENTATION_CONTEXT
('Context #1','3D Context with UNIT and UNCERTAINTY') );
#4456 = ( LENGTH_UNIT() NAMED_UNIT(*) SI_UNIT(.MILLI.,.METRE.) );
#4457 = ( NAMED_UNIT(*) PLANE_ANGLE_UNIT() SI_UNIT($,.RADIAN.) );
#4458 = ( NAMED_UNIT(*) SI_UNIT($,.STERADIAN.) SOLID_ANGLE_UNIT() );
#4459 = UNCERTAINTY_MEASURE_WITH_UNIT(LENGTH_MEASURE(1.E-06),#4456,
  'distance_accuracy_value','confusion accuracy');
#4460 = PRODUCT_RELATED_PRODUCT_CATEGORY('part',$,(#7));
ENDSEC;
END-ISO-10303-21;
